width,height,cpu_mhz,cpu_cache,Random Forest,size,c#time,m#datetime,m#id
853,787,2527.060,3072,7.560,671311.000,21.4274,2013-03-03 13:01:49,b214f53e41a41ebdba39c5c59298c929
393,356,2527.060,3072,0.726,139908.000,0.642178,2013-03-03 12:59:12,b214f53e41a41ebdba39c5c59298d9ec
804,349,2527.060,3072,0.947,280596.000,1.15786,2013-03-03 12:57:44,b214f53e41a41ebdba39c5c59298f302
686,241,2527.060,3072,0.704,165326.000,0.160242,2013-03-03 12:57:29,b214f53e41a41ebdba39c5c592990172
887,869,2527.060,3072,9.491,770803.000,29.1463,2013-03-03 12:55:05,b214f53e41a41ebdba39c5c5929915d4
876,423,2527.060,3072,2.595,370548.000,3.43782,2013-03-03 12:47:26,b214f53e41a41ebdba39c5c592993ccc
1018,90,2527.060,3072,1.575,91620.000,0.15514,2013-03-03 12:45:40,b214f53e41a41ebdba39c5c592995f4c
572,600,2527.060,3072,2.196,343200.000,0.172651,2013-03-03 12:45:18,b214f53e41a41ebdba39c5c592996a2d
958,797,2527.060,3072,11.791,763526.000,24.537,2013-03-03 12:41:58,b214f53e41a41ebdba39c5c59299b46b
243,306,2527.060,3072,0.665,74358.000,0.151184,2013-03-03 12:37:43,b214f53e41a41ebdba39c5c59299c5e3
26,931,2527.060,3072,0.779,24206.000,0.161612,2013-03-03 12:37:14,b214f53e41a41ebdba39c5c59299f142
541,357,2527.060,3072,0.925,193137.000,0.908137,2013-03-03 12:34:58,b214f53e41a41ebdba39c5c5929a0e2e
621,394,2527.060,3072,1.263,244674.000,1.74458,2013-03-03 12:33:30,b214f53e41a41ebdba39c5c5929a1bd2
707,201,2527.060,3072,0.697,142107.000,0.104281,2013-03-03 12:33:23,b214f53e41a41ebdba39c5c5929a1f87
125,883,2527.060,3072,0.779,110375.000,0.161957,2013-03-03 12:33:14,b214f53e41a41ebdba39c5c5929a388a
1012,259,2527.060,3072,1.653,262108.000,0.271606,2013-03-03 12:31:41,b214f53e41a41ebdba39c5c5929a5457
538,771,2527.060,3072,1.378,414798.000,0.176943,2013-03-03 12:31:08,b214f53e41a41ebdba39c5c5929a7109
799,99,2527.060,3072,0.701,79101.000,0.15476,2013-03-03 12:27:36,b214f53e41a41ebdba39c5c5929a9766
607,640,2527.060,3072,1.529,388480.000,0.175604,2013-03-03 12:27:29,b214f53e41a41ebdba39c5c5929aa150
687,822,2527.060,3072,2.163,564714.000,0.191792,2013-03-03 12:27:21,b214f53e41a41ebdba39c5c5929aa58a
512,706,2527.060,3072,1.378,361472.000,0.168351,2013-03-03 12:27:13,b214f53e41a41ebdba39c5c5929ab509
231,285,2527.060,3072,0.650,65835.000,0.148338,2013-03-03 12:23:35,b214f53e41a41ebdba39c5c5929b121a
126,918,2527.060,3072,0.779,115668.000,0.163358,2013-03-03 12:23:13,b214f53e41a41ebdba39c5c5929b2c3c
3,235,2527.060,3072,0.647,705.000,0.146193,2013-03-03 12:23:05,b214f53e41a41ebdba39c5c5929b35f9
588,807,2527.060,3072,1.422,474516.000,0.184023,2013-03-03 12:21:59,b214f53e41a41ebdba39c5c5929b4eed
617,828,2527.060,3072,1.529,510876.000,0.187833,2013-03-03 12:21:01,b214f53e41a41ebdba39c5c5929b6d95
412,814,2527.060,3072,1.252,335368.000,0.173352,2013-03-03 12:19:47,b214f53e41a41ebdba39c5c5929b6f08
521,277,2527.060,3072,0.836,144317.000,0.172979,2013-03-03 12:19:34,b214f53e41a41ebdba39c5c5929b7da2
737,299,2527.060,3072,0.719,220363.000,0.343117,2013-03-03 12:11:22,b214f53e41a41ebdba39c5c5929bb789
64,270,2527.060,3072,0.667,17280.000,-0.0137296,2013-03-03 12:11:04,b214f53e41a41ebdba39c5c5929bd44b
215,679,2527.060,3072,1.248,145985.000,4.99703,2013-03-03 12:10:40,b214f53e41a41ebdba39c5c5929bdbfe
955,207,2527.060,3072,1.029,197685.000,0.153811,2013-03-03 12:09:59,b214f53e41a41ebdba39c5c5929be78d
674,46,2527.060,3072,0.694,31004.000,0.150135,2013-03-03 12:09:51,b214f53e41a41ebdba39c5c5929beb6d
313,896,2527.060,3072,1.300,280448.000,0.170009,2013-03-03 12:09:14,b214f53e41a41ebdba39c5c5929c2106
722,734,2527.060,3072,5.049,529948.000,0.194642,2013-03-03 12:09:00,b214f53e41a41ebdba39c5c5929c2ae4
804,140,2527.060,3072,0.701,112560.000,0.0475344,2013-03-03 12:07:24,b214f53e41a41ebdba39c5c5929c4ae6
762,310,2527.060,3072,0.759,236220.000,0.482271,2013-03-03 12:07:17,b214f53e41a41ebdba39c5c5929c5054
733,566,2527.060,3072,4.713,414878.000,8.37016,2013-03-03 12:05:34,b214f53e41a41ebdba39c5c5929c71bd
25,335,2527.060,3072,0.708,8375.000,0.148481,2013-03-03 12:04:07,b214f53e41a41ebdba39c5c5929c8b73
565,498,2527.060,3072,2.230,281370.000,4.47276,2013-03-03 12:01:39,b214f53e41a41ebdba39c5c5929c9fc0
640,671,2527.060,3072,2.615,429440.000,0.180501,2013-03-03 12:01:11,b214f53e41a41ebdba39c5c5929cb163
1012,244,2527.060,3072,1.653,246928.000,0.233646,2013-03-03 11:55:10,b214f53e41a41ebdba39c5c5929ccaab
444,129,2527.060,3072,0.620,57276.000,0.0226284,2013-03-03 11:55:02,b214f53e41a41ebdba39c5c5929ccc8b
882,955,2527.060,3072,3.841,842310.000,0.223108,2013-03-03 11:53:53,b214f53e41a41ebdba39c5c5929ce4fa
888,710,2527.060,3072,10.059,630480.000,16.6501,2013-03-03 11:53:06,b214f53e41a41ebdba39c5c5929d171a
440,202,2527.060,3072,0.624,88880.000,1.54447,2013-03-03 11:50:49,b214f53e41a41ebdba39c5c5929d23a7
990,882,2527.060,3072,19.225,873180.000,33.2578,2013-03-03 11:48:46,b214f53e41a41ebdba39c5c5929d550f
356,232,2527.060,3072,0.635,82592.000,0.0724459,2013-03-03 11:43:34,b214f53e41a41ebdba39c5c5929d5f74
876,642,2527.060,3072,8.635,562392.000,12.9179,2013-03-03 11:43:29,b214f53e41a41ebdba39c5c5929d6258
613,311,2527.060,3072,0.922,190643.000,0.398462,2013-03-03 11:37:24,b214f53e41a41ebdba39c5c5929db67b
11,226,2527.060,3072,0.647,2486.000,0.149123,2013-03-03 11:36:35,b214f53e41a41ebdba39c5c5929dbe3a
293,748,2527.060,3072,1.772,219164.000,0.166436,2013-03-03 11:35:53,b214f53e41a41ebdba39c5c5929dcc2d
432,307,2527.060,3072,0.717,132624.000,0.276989,2013-03-03 11:35:45,b214f53e41a41ebdba39c5c5929dd433
427,873,2527.060,3072,1.254,372771.000,0.176219,2013-03-03 11:33:41,b214f53e41a41ebdba39c5c5929de743
264,259,2527.060,3072,0.650,68376.000,0.0715597,2013-03-03 11:33:33,b214f53e41a41ebdba39c5c5929de7fd
356,205,2527.060,3072,0.633,72980.000,0.0610404,2013-03-03 11:27:50,b214f53e41a41ebdba39c5c5929e0b20
862,27,2527.060,3072,0.649,23274.000,0.147864,2013-03-03 11:27:46,b214f53e41a41ebdba39c5c5929e12be
133,149,2527.060,3072,0.617,19817.000,0.148137,2013-03-03 11:27:39,b214f53e41a41ebdba39c5c5929e1f2e
823,930,2527.060,3072,1.692,765390.000,0.212557,2013-03-03 11:25:37,b214f53e41a41ebdba39c5c5929e6d75
824,280,2527.060,3072,0.738,230720.000,0.279706,2013-03-03 11:19:43,b214f53e41a41ebdba39c5c5929e7676
51,452,2527.060,3072,1.374,23052.000,0.150163,2013-03-03 11:19:32,b214f53e41a41ebdba39c5c5929e84fd
807,381,2527.060,3072,1.194,307467.000,1.95413,2013-03-03 11:19:01,b214f53e41a41ebdba39c5c5929ea874
590,390,2527.060,3072,1.043,230100.000,1.51628,2013-03-03 11:17:45,b214f53e41a41ebdba39c5c5929eb42a
594,325,2527.060,3072,0.922,193050.000,0.544016,2013-03-03 11:11:01,b214f53e41a41ebdba39c5c5929ec9e9
83,257,2527.060,3072,0.654,21331.000,0.148981,2013-03-03 11:03:55,b214f53e41a41ebdba39c5c5929ef490
213,20,2527.060,3072,0.572,4260.000,0.000215176,2013-03-03 11:01:14,b214f53e41a41ebdba39c5c5929f368c
677,345,2527.060,3072,0.958,233565.000,0.895037,2013-03-03 10:59:57,b214f53e41a41ebdba39c5c5929f4270
559,855,2527.060,3072,1.365,477945.000,0.184353,2013-03-03 10:59:28,b214f53e41a41ebdba39c5c5929f4575
879,480,2527.060,3072,5.487,421920.000,6.03975,2013-03-03 10:59:10,b214f53e41a41ebdba39c5c5929f7210
1019,197,2527.060,3072,1.601,200743.000,0.152066,2013-03-03 10:57:39,b214f53e41a41ebdba39c5c5929f7da7
820,309,2527.060,3072,0.770,253380.000,0.50266,2013-03-03 10:57:08,b214f53e41a41ebdba39c5c5929f8884
151,76,2527.060,3072,0.616,11476.000,0.00258516,2013-03-03 10:55:44,b214f53e41a41ebdba39c5c5929f94ce
495,85,2527.060,3072,0.786,42075.000,0.151763,2013-03-03 10:55:32,b214f53e41a41ebdba39c5c5929facf3
403,420,2527.060,3072,0.814,169260.000,0.15659,2013-03-03 10:53:31,b214f53e41a41ebdba39c5c5929fe936
908,940,2527.060,3072,5.288,853520.000,0.222704,2013-03-03 10:49:36,b214f53e41a41ebdba39c5c592a00447
865,755,2527.060,3072,12.142,653075.000,19.3346,2013-03-03 10:49:06,b214f53e41a41ebdba39c5c592a038c4
562,201,2527.060,3072,0.778,112962.000,0.0832698,2013-03-03 10:45:43,b214f53e41a41ebdba39c5c592a04ec5
63,887,2527.060,3072,0.778,55881.000,0.16242,2013-03-03 10:45:31,b214f53e41a41ebdba39c5c592a06290
663,997,2527.060,3072,2.079,661011.000,0.198575,2013-03-03 10:45:17,b214f53e41a41ebdba39c5c592a06ffa
56,694,2527.060,3072,1.249,38864.000,0.15442,2013-03-03 10:45:09,b214f53e41a41ebdba39c5c592a07297
438,364,2527.060,3072,0.767,159432.000,0.665781,2013-03-03 10:45:01,b214f53e41a41ebdba39c5c592a07d3e
288,85,2527.060,3072,0.630,24480.000,0.152886,2013-03-03 10:43:52,b214f53e41a41ebdba39c5c592a080ee
388,286,2527.060,3072,0.664,110968.000,0.156916,2013-03-03 10:43:40,b214f53e41a41ebdba39c5c592a0950f
522,701,2527.060,3072,1.378,365922.000,0.173475,2013-03-03 10:41:18,b214f53e41a41ebdba39c5c592a0d791
874,75,2527.060,3072,1.163,65550.000,0.150316,2013-03-03 10:37:35,b214f53e41a41ebdba39c5c592a0fcf5
353,279,2527.060,3072,0.662,98487.000,0.121937,2013-03-03 10:33:32,b214f53e41a41ebdba39c5c592a142e6
166,627,2527.060,3072,1.249,104082.000,0.15569,2013-03-03 10:33:25,b214f53e41a41ebdba39c5c592a14ed9
264,771,2527.060,3072,1.248,203544.000,0.165024,2013-03-03 10:29:31,b214f53e41a41ebdba39c5c592a18ca4
829,655,2527.060,3072,5.006,542995.000,12.9595,2013-03-03 10:28:59,b214f53e41a41ebdba39c5c592a1c656
276,960,2527.060,3072,0.995,264960.000,-0.0350044,2013-03-03 10:26:59,b214f53e41a41ebdba39c5c592a1d698
579,521,2527.060,3072,2.270,301659.000,5.34651,2013-03-03 10:21:23,b214f53e41a41ebdba39c5c592a1ff25
761,821,2527.060,3072,2.163,624781.000,0.202714,2013-03-03 10:17:40,b214f53e41a41ebdba39c5c592a23f2d
486,916,2527.060,3072,0.905,445176.000,0.180603,2013-03-03 10:17:16,b214f53e41a41ebdba39c5c592a25fad
768,167,2527.060,3072,0.728,128256.000,0.0756105,2013-03-03 10:15:47,b214f53e41a41ebdba39c5c592a26eba
761,26,2527.060,3072,0.714,19786.000,0.147784,2013-03-03 10:15:26,b214f53e41a41ebdba39c5c592a28679
549,1011,2527.060,3072,1.255,555039.000,0.191101,2013-03-03 10:13:08,b214f53e41a41ebdba39c5c592a2b5cd
499,467,2527.060,3072,1.487,233033.000,3.03533,2013-03-03 10:09:26,b214f53e41a41ebdba39c5c592a2e723
549,480,2527.060,3072,1.522,263520.000,3.75825,2013-03-03 10:09:03,b214f53e41a41ebdba39c5c592a2f94e
132,543,2527.060,3072,1.249,71676.000,0.152743,2013-03-03 00:35:53,b214f53e41a41ebdba39c5c592a2faca
767,114,2527.060,3072,0.728,87438.000,0.161615,2013-03-03 00:34:32,b214f53e41a41ebdba39c5c592a313fb
101,688,2527.060,3072,1.250,69488.000,0.1558,2013-03-03 00:34:01,b214f53e41a41ebdba39c5c592a31bfc
22,542,2527.060,3072,1.249,11924.000,0.1497,2013-03-03 00:33:47,b214f53e41a41ebdba39c5c592a32525
191,274,2527.060,3072,0.655,52334.000,0.150798,2013-03-03 00:32:34,b214f53e41a41ebdba39c5c592a328ee
402,24,2527.060,3072,0.571,9648.000,0.00106387,2013-03-03 00:32:27,b214f53e41a41ebdba39c5c592a32cf3
600,26,2527.060,3072,0.751,15600.000,0.00165206,2013-03-03 00:32:22,b214f53e41a41ebdba39c5c592a33406
430,62,2527.060,3072,0.634,26660.000,0.153811,2013-03-03 00:26:40,b214f53e41a41ebdba39c5c592a39edc
959,805,2527.060,3072,14.466,771995.000,21.0051,2013-03-03 00:26:32,b214f53e41a41ebdba39c5c592a3a4e9
575,552,2527.060,3072,2.196,317400.000,5.50439,2013-03-03 00:25:00,b214f53e41a41ebdba39c5c592a3b5e1
292,576,2527.060,3072,1.246,168192.000,0.162266,2013-03-03 00:24:36,b214f53e41a41ebdba39c5c592a3b639
60,876,2527.060,3072,0.777,52560.000,0.16319,2013-03-03 00:23:39,b214f53e41a41ebdba39c5c592a3dede
797,55,2527.060,3072,0.701,43835.000,0.152006,2013-03-03 00:23:19,b214f53e41a41ebdba39c5c592a3fc90
479,954,2527.060,3072,0.898,456966.000,0.187167,2013-03-03 00:23:07,b214f53e41a41ebdba39c5c592a40439
930,83,2527.060,3072,1.009,77190.000,0.156905,2013-03-03 00:22:39,b214f53e41a41ebdba39c5c592a42458
595,7,2527.060,3072,0.751,4165.000,0.000251899,2013-03-03 00:22:32,b214f53e41a41ebdba39c5c592a43019
611,571,2527.060,3072,2.463,348881.000,6.17143,2013-03-03 00:22:28,b214f53e41a41ebdba39c5c592a4344d
161,118,2527.060,3072,0.588,18998.000,0.00790039,2013-03-03 00:21:04,b214f53e41a41ebdba39c5c592a43f65
861,36,2527.060,3072,0.649,30996.000,0.150512,2013-03-03 00:20:57,b214f53e41a41ebdba39c5c592a44c27
7,369,2527.060,3072,0.699,2583.000,0.151525,2013-03-03 00:20:24,b214f53e41a41ebdba39c5c592a46696
856,138,2527.060,3072,0.664,118128.000,0.0515681,2013-03-03 00:20:09,b214f53e41a41ebdba39c5c592a468ba
335,118,2527.060,3072,0.603,39530.000,0.160501,2013-03-03 00:20:07,b214f53e41a41ebdba39c5c592a47301
280,636,2527.060,3072,1.250,178080.000,0.163306,2013-03-03 00:18:52,b214f53e41a41ebdba39c5c592a49cfe
41,890,2527.060,3072,0.778,36490.000,0.163173,2013-03-03 00:18:45,b214f53e41a41ebdba39c5c592a4a5a0
670,803,2527.060,3072,2.160,538010.000,0.190869,2013-03-03 00:18:37,b214f53e41a41ebdba39c5c592a4b0e7
208,180,2527.060,3072,0.638,37440.000,0.0237966,2013-03-03 00:18:05,b214f53e41a41ebdba39c5c592a4ca29
582,435,2527.060,3072,2.188,253170.000,2.52671,2013-03-03 00:14:49,b214f53e41a41ebdba39c5c592a4fd68
11,836,2527.060,3072,1.250,9196.000,0.16101,2013-03-03 00:13:16,b214f53e41a41ebdba39c5c592a50aed
159,299,2527.060,3072,0.654,47541.000,0.149416,2013-03-03 00:13:09,b214f53e41a41ebdba39c5c592a50e78
572,425,2527.060,3072,1.318,243100.000,2.27145,2013-03-03 00:13:02,b214f53e41a41ebdba39c5c592a517da
140,452,2527.060,3072,1.376,63280.000,0.150951,2013-03-03 00:12:50,b214f53e41a41ebdba39c5c592a5270e
863,194,2527.060,3072,0.649,167422.000,0.114647,2013-03-03 00:11:03,b214f53e41a41ebdba39c5c592a55a35
627,811,2527.060,3072,2.007,508497.000,0.185101,2013-03-03 00:10:57,b214f53e41a41ebdba39c5c592a55f3a
92,860,2527.060,3072,1.251,79120.000,0.162233,2013-03-03 00:08:55,b214f53e41a41ebdba39c5c592a59545
258,521,2527.060,3072,1.248,134418.000,0.155084,2013-03-03 00:06:49,b214f53e41a41ebdba39c5c592a5c64b
730,475,2527.060,3072,4.268,346750.000,4.55968,2013-03-03 00:06:41,b214f53e41a41ebdba39c5c592a5cb35
108,939,2527.060,3072,0.779,101412.000,0.166301,2013-03-03 00:05:06,b214f53e41a41ebdba39c5c592a5d7f6
657,585,2527.060,3072,3.561,384345.000,7.36863,2013-03-03 00:04:59,b214f53e41a41ebdba39c5c592a5e094
261,1020,2527.060,3072,0.893,266220.000,0.17431,2013-03-03 00:03:11,b214f53e41a41ebdba39c5c592a5f54c
832,676,2527.060,3072,5.006,562432.000,12.9043,2013-03-03 00:02:40,b214f53e41a41ebdba39c5c592a614c5
1005,282,2527.060,3072,1.721,283410.000,0.357134,2013-03-03 00:00:47,b214f53e41a41ebdba39c5c592a61901
826,242,2527.060,3072,0.714,199892.000,0.199287,2013-03-02 23:59:37,b214f53e41a41ebdba39c5c592a648f8
927,460,2527.060,3072,5.175,426420.000,5.16767,2013-03-02 23:58:43,b214f53e41a41ebdba39c5c592a6650f
692,394,2527.060,3072,1.338,272648.000,1.95601,2013-03-02 23:57:55,b214f53e41a41ebdba39c5c592a68f0a
507,992,2527.060,3072,1.255,502944.000,0.191406,2013-03-02 23:55:03,b214f53e41a41ebdba39c5c592a6b6bf
215,130,2527.060,3072,0.601,27950.000,0.0115119,2013-03-02 23:54:38,b214f53e41a41ebdba39c5c592a6c5ff
600,476,2527.060,3072,2.270,285600.000,3.81262,2013-03-02 23:54:15,b214f53e41a41ebdba39c5c592a6e6ad
59,846,2527.060,3072,1.250,49914.000,0.162643,2013-03-02 23:51:23,b214f53e41a41ebdba39c5c592a71da8
280,615,2527.060,3072,1.249,172200.000,0.162179,2013-03-02 23:50:49,b214f53e41a41ebdba39c5c592a73e0f
728,308,2527.060,3072,0.741,224224.000,0.43018,2013-03-02 23:50:37,b214f53e41a41ebdba39c5c592a7552f
567,343,2527.060,3072,0.974,194481.000,0.73467,2013-03-02 23:50:00,b214f53e41a41ebdba39c5c592a775aa
595,401,2527.060,3072,1.043,238595.000,1.77352,2013-03-02 23:49:27,b214f53e41a41ebdba39c5c592a78cb3
337,603,2527.060,3072,1.252,203211.000,0.161268,2013-03-02 23:47:35,b214f53e41a41ebdba39c5c592a7bc0c
567,526,2527.060,3072,2.458,298242.000,5.00292,2013-03-02 23:47:27,b214f53e41a41ebdba39c5c592a7c4c5
68,94,2527.060,3072,0.610,6392.000,0.146397,2013-03-02 23:47:04,b214f53e41a41ebdba39c5c592a7cb3f
240,162,2527.060,3072,0.600,38880.000,0.0216532,2013-03-02 23:45:10,b214f53e41a41ebdba39c5c592a7dc39
618,865,2527.060,3072,1.529,534570.000,0.18791,2013-03-02 23:45:06,b214f53e41a41ebdba39c5c592a7dfed
659,824,2527.060,3072,2.433,543016.000,0.188491,2013-03-02 23:44:47,b214f53e41a41ebdba39c5c592a7e6e9
35,37,2527.060,3072,0.576,1295.000,0.000101974,2013-03-02 23:44:31,b214f53e41a41ebdba39c5c592a7f2f2
696,927,2527.060,3072,1.691,645192.000,0.195398,2013-03-02 23:44:28,b214f53e41a41ebdba39c5c592a7f506
486,593,2527.060,3072,1.377,288198.000,0.161706,2013-03-02 23:43:06,b214f53e41a41ebdba39c5c592a80976
702,557,2527.060,3072,4.713,391014.000,7.40196,2013-03-02 23:42:58,b214f53e41a41ebdba39c5c592a81660
312,27,2527.060,3072,0.571,8424.000,0.000238214,2013-03-02 23:38:54,b214f53e41a41ebdba39c5c592a824ee
844,252,2527.060,3072,0.618,212688.000,0.21201,2013-03-02 23:37:07,b214f53e41a41ebdba39c5c592a83860
503,11,2527.060,3072,0.751,5533.000,3.53358e-05,2013-03-02 23:32:56,b214f53e41a41ebdba39c5c592a86580
358,802,2527.060,3072,1.252,287116.000,0.1645,2013-03-02 23:31:04,b214f53e41a41ebdba39c5c592a88138
666,220,2527.060,3072,0.713,146520.000,0.118915,2013-03-02 23:30:56,b214f53e41a41ebdba39c5c592a89032
615,651,2527.060,3072,1.529,400365.000,0.178728,2013-03-02 23:28:18,b214f53e41a41ebdba39c5c592a8a389
474,338,2527.060,3072,0.986,160212.000,0.560994,2013-03-02 23:28:10,b214f53e41a41ebdba39c5c592a8a844
104,583,2527.060,3072,1.249,60632.000,0.154237,2013-03-02 23:27:09,b214f53e41a41ebdba39c5c592a8d434
1004,223,2527.060,3072,1.646,223892.000,0.19343,2013-03-02 23:27:01,b214f53e41a41ebdba39c5c592a8db45
931,776,2527.060,3072,11.817,722456.000,21.6106,2013-03-02 23:26:37,b214f53e41a41ebdba39c5c592a8f22f
908,512,2527.060,3072,8.043,464896.000,7.25467,2013-03-02 23:24:29,b214f53e41a41ebdba39c5c592a92d06
772,117,2527.060,3072,0.728,90324.000,0.159048,2013-03-02 23:23:41,b214f53e41a41ebdba39c5c592a94fea
773,603,2527.060,3072,3.983,466119.000,10.2837,2013-03-02 23:23:33,b214f53e41a41ebdba39c5c592a95281
646,1001,2527.060,3072,1.729,646646.000,0.191836,2013-03-02 23:22:06,b214f53e41a41ebdba39c5c592a99006
435,269,2527.060,3072,0.669,117015.000,0.134003,2013-03-02 23:21:19,b214f53e41a41ebdba39c5c592a9b5ce
55,195,2527.060,3072,0.647,10725.000,0.149189,2013-03-02 23:21:08,b214f53e41a41ebdba39c5c592a9d43a
210,99,2527.060,3072,0.588,20790.000,0.00643596,2013-03-02 23:18:27,b214f53e41a41ebdba39c5c592aa0f8c
662,358,2527.060,3072,0.977,236996.000,1.13903,2013-03-02 23:16:48,b214f53e41a41ebdba39c5c592aa1a4b
783,206,2527.060,3072,0.728,161298.000,0.125475,2013-03-02 23:16:41,b214f53e41a41ebdba39c5c592aa20b8
496,217,2527.060,3072,0.776,107632.000,0.0895114,2013-03-02 23:15:46,b214f53e41a41ebdba39c5c592aa3252
503,963,2527.060,3072,1.255,484389.000,0.175586,2013-03-02 23:15:12,b214f53e41a41ebdba39c5c592aa6514
445,1024,2527.060,3072,1.134,455680.000,0.174091,2013-03-02 23:13:45,b214f53e41a41ebdba39c5c592aaae4e
991,3,2527.060,3072,0.720,2973.000,7.37095e-05,2013-03-02 23:13:15,b214f53e41a41ebdba39c5c592aabb20
917,587,2527.060,3072,8.739,538279.000,9.94411,2013-03-02 23:12:03,b214f53e41a41ebdba39c5c592aaf924
101,997,2527.060,3072,0.895,100697.000,0.160019,2013-03-02 23:11:16,b214f53e41a41ebdba39c5c592ab0d81
344,782,2527.060,3072,1.400,269008.000,0.160692,2013-03-02 23:10:05,b214f53e41a41ebdba39c5c592ab18cb
871,982,2527.060,3072,5.322,855322.000,0.202032,2013-03-02 23:09:33,b214f53e41a41ebdba39c5c592ab2ac9
951,853,2527.060,3072,14.466,811203.000,24.5947,2013-03-02 23:09:24,b214f53e41a41ebdba39c5c592ab2fcb
44,876,2527.060,3072,0.777,38544.000,0.15813,2013-03-02 23:07:44,b214f53e41a41ebdba39c5c592ab31a2
800,956,2527.060,3072,1.810,764800.000,0.201035,2013-03-02 23:07:36,b214f53e41a41ebdba39c5c592ab3f6d
913,140,2527.060,3072,1.027,127820.000,0.0539201,2013-03-02 23:07:28,b214f53e41a41ebdba39c5c592ab48ce
24,478,2527.060,3072,1.247,11472.000,0.148564,2013-03-02 23:07:09,b214f53e41a41ebdba39c5c592ab581a
345,389,2527.060,3072,0.700,134205.000,0.154512,2013-03-02 23:06:34,b214f53e41a41ebdba39c5c592ab610c
445,711,2527.060,3072,1.252,316395.000,0.166272,2013-03-02 23:04:35,b214f53e41a41ebdba39c5c592abd0e4
46,554,2527.060,3072,1.247,25484.000,0.152189,2013-03-02 23:04:29,b214f53e41a41ebdba39c5c592abdde2
68,639,2527.060,3072,1.249,43452.000,0.152616,2013-03-02 23:04:15,b214f53e41a41ebdba39c5c592abf16c
481,590,2527.060,3072,1.376,283790.000,0.163502,2013-03-02 23:03:33,b214f53e41a41ebdba39c5c592ac2337
66,312,2527.060,3072,0.703,20592.000,0.14549,2013-03-02 23:03:26,b214f53e41a41ebdba39c5c592ac25ed
126,720,2527.060,3072,1.250,90720.000,0.15367,2013-03-02 23:03:19,b214f53e41a41ebdba39c5c592ac2d0d
608,222,2527.060,3072,0.775,134976.000,0.115244,2013-03-02 23:03:07,b214f53e41a41ebdba39c5c592ac36eb
374,975,2527.060,3072,0.998,364650.000,0.169005,2013-03-02 23:02:40,b214f53e41a41ebdba39c5c592ac50c9
888,789,2527.060,3072,12.215,700632.000,19.0567,2013-03-02 23:02:33,b214f53e41a41ebdba39c5c592ac518e
192,361,2527.060,3072,0.709,69312.000,0.150968,2013-03-02 23:00:38,b214f53e41a41ebdba39c5c592ac5cf4
450,497,2527.060,3072,1.327,223650.000,0.159404,2013-03-02 22:59:26,b214f53e41a41ebdba39c5c592ac8b23
556,631,2527.060,3072,1.388,350836.000,0.165775,2013-03-02 22:59:11,b214f53e41a41ebdba39c5c592aca0c3
955,583,2527.060,3072,9.176,556765.000,9.95596,2013-03-02 22:58:43,b214f53e41a41ebdba39c5c592acb800
875,79,2527.060,3072,1.172,69125.000,0.149746,2013-03-02 22:57:46,b214f53e41a41ebdba39c5c592accffa
852,475,2527.060,3072,5.301,404700.000,5.14797,2013-03-02 22:56:04,b214f53e41a41ebdba39c5c592acefb8
1008,484,2527.060,3072,7.532,487872.000,6.53549,2013-03-02 22:55:31,b214f53e41a41ebdba39c5c592ad0758
396,103,2527.060,3072,0.602,40788.000,0.156456,2013-03-02 22:55:02,b214f53e41a41ebdba39c5c592ad1290
175,802,2527.060,3072,1.250,140350.000,0.16041,2013-03-02 22:53:55,b214f53e41a41ebdba39c5c592ad3e55
1009,159,2527.060,3072,1.620,160431.000,0.084723,2013-03-02 22:53:24,b214f53e41a41ebdba39c5c592ad5cf6
177,511,2527.060,3072,1.249,90447.000,0.152294,2013-03-02 22:52:12,b214f53e41a41ebdba39c5c592ad7a37
656,562,2527.060,3072,3.561,368672.000,6.44954,2013-03-02 22:51:34,b214f53e41a41ebdba39c5c592ad8c16
433,246,2527.060,3072,0.646,106518.000,0.105815,2013-03-02 22:50:16,b214f53e41a41ebdba39c5c592ada2ca
367,492,2527.060,3072,1.328,180564.000,0.157644,2013-03-02 22:45:50,b214f53e41a41ebdba39c5c592adcfbf
501,354,2527.060,3072,0.890,177354.000,0.813204,2013-03-02 22:45:30,b214f53e41a41ebdba39c5c592ade51f
119,142,2527.060,3072,0.624,16898.000,0.147486,2013-03-02 22:42:10,b214f53e41a41ebdba39c5c592ae064e
968,544,2527.060,3072,7.963,526592.000,9.67728,2013-03-02 22:42:04,b214f53e41a41ebdba39c5c592ae120d
984,424,2527.060,3072,2.047,417216.000,3.98233,2013-03-02 22:41:23,b214f53e41a41ebdba39c5c592ae1b0e
16,357,2527.060,3072,0.708,5712.000,0.149735,2013-03-02 22:39:49,b214f53e41a41ebdba39c5c592ae2bc1
493,374,2527.060,3072,0.919,184382.000,1.10817,2013-03-02 22:39:04,b214f53e41a41ebdba39c5c592ae5d8d
979,957,2527.060,3072,20.114,936903.000,37.1012,2013-03-02 22:38:48,b214f53e41a41ebdba39c5c592ae6fff
1003,101,2527.060,3072,1.620,101303.000,0.154465,2013-03-02 22:36:16,b214f53e41a41ebdba39c5c592ae7726
32,192,2527.060,3072,0.647,6144.000,0.148287,2013-03-02 22:31:53,b214f53e41a41ebdba39c5c592aea14f
157,927,2527.060,3072,0.779,145539.000,0.163265,2013-03-02 22:31:47,b214f53e41a41ebdba39c5c592aeabcb
650,387,2527.060,3072,1.156,251550.000,1.71944,2013-03-02 22:30:59,b214f53e41a41ebdba39c5c592aeb7d8
854,212,2527.060,3072,0.664,181048.000,0.13694,2013-03-02 22:30:27,b214f53e41a41ebdba39c5c592aedbfe
543,686,2527.060,3072,1.393,372498.000,0.171339,2013-03-02 22:28:43,b214f53e41a41ebdba39c5c592af0ce0
957,953,2527.060,3072,11.980,912021.000,37.5763,2013-03-02 22:28:19,b214f53e41a41ebdba39c5c592af1e52
296,904,2527.060,3072,0.780,267584.000,0.167263,2013-03-02 22:25:38,b214f53e41a41ebdba39c5c592af3162
970,448,2527.060,3072,3.226,434560.000,5.03488,2013-03-02 22:22:48,b214f53e41a41ebdba39c5c592af9e75
1022,144,2527.060,3072,1.575,147168.000,0.0700581,2013-03-02 22:20:51,b214f53e41a41ebdba39c5c592afd82f
109,689,2527.060,3072,1.250,75101.000,0.156887,2013-03-02 22:19:50,b214f53e41a41ebdba39c5c592b00fcd
503,964,2527.060,3072,1.255,484892.000,0.180776,2013-03-02 22:19:42,b214f53e41a41ebdba39c5c592b01bf5
434,692,2527.060,3072,1.247,300328.000,0.16636,2013-03-02 22:19:12,b214f53e41a41ebdba39c5c592b02c36
833,815,2527.060,3072,2.355,678895.000,22.4727,2013-03-02 22:19:05,b214f53e41a41ebdba39c5c592b02c3b
591,242,2527.060,3072,0.813,143022.000,0.140627,2013-03-02 22:17:31,b214f53e41a41ebdba39c5c592b0392b
886,941,2527.060,3072,3.725,833726.000,0.21367,2013-03-02 22:17:25,b214f53e41a41ebdba39c5c592b0479f
153,399,2527.060,3072,0.795,61047.000,0.153037,2013-03-02 22:16:55,b214f53e41a41ebdba39c5c592b0621b
117,480,2527.060,3072,1.247,56160.000,0.149057,2013-03-02 22:09:43,b214f53e41a41ebdba39c5c592b112c4
424,262,2527.060,3072,0.669,111088.000,0.117675,2013-03-02 22:09:36,b214f53e41a41ebdba39c5c592b11c88
962,20,2527.060,3072,0.979,19240.000,0.149814,2013-03-02 22:09:23,b214f53e41a41ebdba39c5c592b132b3
394,890,2527.060,3072,0.781,350660.000,0.16899,2013-03-02 22:08:55,b214f53e41a41ebdba39c5c592b15685
228,799,2527.060,3072,1.248,182172.000,0.15973,2013-03-02 22:07:51,b214f53e41a41ebdba39c5c592b162bd
900,382,2527.060,3072,2.429,343800.000,2.10555,2013-03-02 22:07:44,b214f53e41a41ebdba39c5c592b16e55
133,265,2527.060,3072,0.657,35245.000,0.146587,2013-03-02 22:07:20,b214f53e41a41ebdba39c5c592b18e67
397,337,2527.060,3072,0.726,133789.000,0.464861,2013-03-02 22:05:07,b214f53e41a41ebdba39c5c592b1b717
940,48,2527.060,3072,1.009,45120.000,0.149952,2013-03-02 22:01:52,b214f53e41a41ebdba39c5c592b1e59a
329,955,2527.060,3072,1.112,314195.000,0.170834,2013-03-02 22:00:26,b214f53e41a41ebdba39c5c592b21673
284,878,2527.060,3072,1.300,249352.000,0.165441,2013-03-02 22:00:10,b214f53e41a41ebdba39c5c592b22f06
760,196,2527.060,3072,0.714,148960.000,0.100668,2013-03-02 21:59:15,b214f53e41a41ebdba39c5c592b245c9
5,473,2527.060,3072,1.247,2365.000,0.149141,2013-03-02 21:57:56,b214f53e41a41ebdba39c5c592b25c31
539,977,2527.060,3072,1.255,526603.000,0.182082,2013-03-02 21:57:49,b214f53e41a41ebdba39c5c592b25d2e
741,109,2527.060,3072,0.689,80769.000,0.153509,2013-03-02 21:56:32,b214f53e41a41ebdba39c5c592b29ac2
213,508,2527.060,3072,1.248,108204.000,0.154561,2013-03-02 21:56:25,b214f53e41a41ebdba39c5c592b2a7d1
194,449,2527.060,3072,1.224,87106.000,0.153644,2013-03-02 21:56:17,b214f53e41a41ebdba39c5c592b2b0d4
300,297,2527.060,3072,0.652,89100.000,0.133459,2013-03-02 21:55:49,b214f53e41a41ebdba39c5c592b2cc15
79,478,2527.060,3072,1.247,37762.000,0.149462,2013-03-02 21:55:42,b214f53e41a41ebdba39c5c592b2d511
94,83,2527.060,3072,0.616,7802.000,0.00208428,2013-03-02 21:55:35,b214f53e41a41ebdba39c5c592b2dcb4
448,870,2527.060,3072,1.257,389760.000,0.173887,2013-03-02 21:55:16,b214f53e41a41ebdba39c5c592b2f162
15,918,2527.060,3072,0.779,13770.000,0.159864,2013-03-02 21:51:56,b214f53e41a41ebdba39c5c592b31d3a
449,975,2527.060,3072,1.230,437775.000,0.178592,2013-03-02 21:51:48,b214f53e41a41ebdba39c5c592b320f9
595,925,2527.060,3072,1.030,550375.000,0.187053,2013-03-02 21:51:20,b214f53e41a41ebdba39c5c592b3388a
330,779,2527.060,3072,1.401,257070.000,0.165327,2013-03-02 21:51:04,b214f53e41a41ebdba39c5c592b345af
756,402,2527.060,3072,1.300,303912.000,2.40821,2013-03-02 21:50:38,b214f53e41a41ebdba39c5c592b36913
361,517,2527.060,3072,1.328,186637.000,0.159347,2013-03-02 21:47:12,b214f53e41a41ebdba39c5c592b3bb68
788,269,2527.060,3072,0.723,211972.000,0.238367,2013-03-02 21:46:43,b214f53e41a41ebdba39c5c592b3c3e0
157,22,2527.060,3072,0.572,3454.000,-0.00035697,2013-03-02 21:46:11,b214f53e41a41ebdba39c5c592b3d1cb
693,255,2527.060,3072,0.704,176715.000,0.127951,2013-03-02 21:46:07,b214f53e41a41ebdba39c5c592b3d40e
298,1009,2527.060,3072,0.897,300682.000,0.11393,2013-03-02 21:45:56,b214f53e41a41ebdba39c5c592b3e913
81,452,2527.060,3072,1.374,36612.000,0.0972825,2013-03-02 21:45:46,b214f53e41a41ebdba39c5c592b3eeae
993,612,2527.060,3072,9.733,607716.000,10.3536,2013-03-02 21:45:41,b214f53e41a41ebdba39c5c592b3f4c2
445,486,2527.060,3072,1.326,216270.000,0.105455,2013-03-02 21:43:51,b214f53e41a41ebdba39c5c592b4311a
842,882,2527.060,3072,4.360,742644.000,0.139532,2013-03-02 21:43:05,b214f53e41a41ebdba39c5c592b45dc1
895,184,2527.060,3072,1.033,164680.000,0.0628551,2013-03-02 21:42:59,b214f53e41a41ebdba39c5c592b46b0f
626,501,2527.060,3072,3.016,313626.000,3.85561,2013-03-02 21:40:43,b214f53e41a41ebdba39c5c592b4ba39
513,80,2527.060,3072,0.785,41040.000,0.0969836,2013-03-02 21:40:13,b214f53e41a41ebdba39c5c592b4dc51
970,270,2527.060,3072,1.053,261900.000,0.193235,2013-03-02 21:40:08,b214f53e41a41ebdba39c5c592b4e5c9
196,756,2527.060,3072,1.250,148176.000,0.103757,2013-03-02 21:39:40,b214f53e41a41ebdba39c5c592b51dd6
532,918,2527.060,3072,0.906,488376.000,0.123551,2013-03-02 21:39:19,b214f53e41a41ebdba39c5c592b52e50
581,614,2527.060,3072,1.696,356734.000,0.116243,2013-03-02 21:39:08,b214f53e41a41ebdba39c5c592b5405c
78,459,2527.060,3072,1.247,35802.000,0.0975614,2013-03-02 21:39:03,b214f53e41a41ebdba39c5c592b541cb
587,827,2527.060,3072,1.422,485449.000,0.123497,2013-03-02 21:38:53,b214f53e41a41ebdba39c5c592b550d6
366,862,2527.060,3072,1.254,315492.000,0.113758,2013-03-02 21:38:47,b214f53e41a41ebdba39c5c592b552dc
878,562,2527.060,3072,7.761,493436.000,7.41311,2013-03-02 21:38:41,b214f53e41a41ebdba39c5c592b55558
461,339,2527.060,3072,0.986,156279.000,0.38444,2013-03-02 21:37:42,b214f53e41a41ebdba39c5c592b573d7
954,92,2527.060,3072,1.014,87768.000,0.0995698,2013-03-02 21:37:28,b214f53e41a41ebdba39c5c592b57dde
217,880,2527.060,3072,0.776,190960.000,0.106728,2013-03-02 21:36:25,b214f53e41a41ebdba39c5c592b59d67
133,651,2527.060,3072,1.249,86583.000,0.100771,2013-03-02 21:35:41,b214f53e41a41ebdba39c5c592b5bae9
732,201,2527.060,3072,0.697,147132.000,0.0666773,2013-03-02 21:35:25,b214f53e41a41ebdba39c5c592b5c75b
1002,533,2527.060,3072,9.389,534066.000,7.40009,2013-03-02 21:34:42,b214f53e41a41ebdba39c5c592b5d114
40,952,2527.060,3072,0.778,38080.000,0.106082,2013-03-02 21:34:11,b214f53e41a41ebdba39c5c592b5dce2
774,179,2527.060,3072,0.728,138546.000,0.052256,2013-03-02 21:33:02,b214f53e41a41ebdba39c5c592b5f8de
831,842,2527.060,3072,2.355,699702.000,0.140759,2013-03-02 21:32:29,b214f53e41a41ebdba39c5c592b62043
930,559,2527.060,3072,7.678,519870.000,7.85019,2013-03-02 21:32:22,b214f53e41a41ebdba39c5c592b63004
965,951,2527.060,3072,15.700,917715.000,29.769,2013-03-02 21:31:26,b214f53e41a41ebdba39c5c592b64bfb
217,198,2527.060,3072,0.628,42966.000,0.0192276,2013-03-02 21:29:13,b214f53e41a41ebdba39c5c592b657a9
628,720,2527.060,3072,2.007,452160.000,0.123463,2013-03-02 21:29:11,b214f53e41a41ebdba39c5c592b66463
1013,1002,2527.060,3072,16.347,1015026.000,34.8299,2013-03-02 21:28:55,b214f53e41a41ebdba39c5c592b675a4
595,354,2527.060,3072,0.959,210630.000,0.722849,2013-03-02 21:25:29,b214f53e41a41ebdba39c5c592b6cbe6
218,142,2527.060,3072,0.614,30956.000,0.00810768,2013-03-02 21:24:32,b214f53e41a41ebdba39c5c592b6f54b
545,916,2527.060,3072,0.906,499220.000,0.122662,2013-03-02 21:24:20,b214f53e41a41ebdba39c5c592b6fcc7
817,228,2527.060,3072,0.707,186276.000,0.103265,2013-03-02 21:23:57,b214f53e41a41ebdba39c5c592b710e3
514,320,2527.060,3072,0.901,164480.000,0.28457,2013-03-02 21:23:37,b214f53e41a41ebdba39c5c592b7219a
499,505,2527.060,3072,1.452,251995.000,0.111975,2013-03-02 21:23:20,b214f53e41a41ebdba39c5c592b72f4a
226,49,2527.060,3072,0.593,11074.000,0.000966336,2013-03-02 21:23:01,b214f53e41a41ebdba39c5c592b73e9e
586,82,2527.060,3072,0.786,48052.000,0.0996238,2013-03-02 21:22:42,b214f53e41a41ebdba39c5c592b75376
602,566,2527.060,3072,2.196,340732.000,5.61015,2013-03-02 21:22:37,b214f53e41a41ebdba39c5c592b75d36
182,396,2527.060,3072,0.793,72072.000,0.0979756,2013-03-02 21:21:49,b214f53e41a41ebdba39c5c592b773a8
434,87,2527.060,3072,0.643,37758.000,0.099181,2013-03-02 21:21:44,b214f53e41a41ebdba39c5c592b780f8
948,354,2527.060,3072,1.948,335592.000,1.1702,2013-03-02 21:21:29,b214f53e41a41ebdba39c5c592b78cf5
371,793,2527.060,3072,1.252,294203.000,0.1127,2013-03-02 21:21:17,b214f53e41a41ebdba39c5c592b79479
652,697,2527.060,3072,2.615,454444.000,0.123094,2013-03-02 21:20:31,b214f53e41a41ebdba39c5c592b7b052
950,942,2660.026,6144,15.994,894900.000,60.6235,2013-03-03 08:33:02,b214f53e41a41ebdba39c5c592b881ff
520,762,2660.026,6144,2.755,396240.000,1.27156,2013-03-03 08:27:07,b214f53e41a41ebdba39c5c592b88f01
607,969,2660.026,6144,2.819,588183.000,1.37875,2013-03-03 08:05:22,b214f53e41a41ebdba39c5c592b8f0b4
345,225,2660.026,6144,1.417,77625.000,0.810989,2013-03-03 08:04:36,b214f53e41a41ebdba39c5c592b913c3
245,331,2660.026,6144,1.620,81095.000,1.01534,2013-03-03 08:04:23,b214f53e41a41ebdba39c5c592b91d8e
158,731,2660.026,6144,2.606,115498.000,1.29859,2013-03-03 08:03:40,b214f53e41a41ebdba39c5c592b945be
586,771,2660.026,6144,2.808,451806.000,0.128336,2013-03-03 08:03:34,b214f53e41a41ebdba39c5c592b95176
550,666,2660.026,6144,2.809,366300.000,1.2568,2013-03-03 08:03:27,b214f53e41a41ebdba39c5c592b95a66
932,879,2660.026,6144,13.776,819228.000,30.8097,2013-03-03 07:59:03,b214f53e41a41ebdba39c5c592ba009e
231,826,2660.026,6144,2.627,190806.000,1.26337,2013-03-03 07:51:58,b214f53e41a41ebdba39c5c592ba2b09
302,662,2660.026,6144,2.651,199924.000,1.15315,2013-03-03 07:51:44,b214f53e41a41ebdba39c5c592ba38fb
327,106,2660.026,6144,1.369,34662.000,1.13641,2013-03-03 07:50:40,b214f53e41a41ebdba39c5c592ba62a9
361,183,2660.026,6144,1.352,66063.000,0.577336,2013-03-03 07:50:02,b214f53e41a41ebdba39c5c592ba6dc4
88,955,2660.026,6144,2.651,84040.000,1.24281,2013-03-03 07:49:14,b214f53e41a41ebdba39c5c592ba802a
764,165,2660.026,6144,1.491,126060.000,0.920355,2013-03-03 07:47:42,b214f53e41a41ebdba39c5c592baa4f5
39,919,2660.026,6144,2.651,35841.000,1.25582,2013-03-03 07:46:21,b214f53e41a41ebdba39c5c592bac7f2
857,815,2660.026,6144,12.027,698455.000,54.507,2013-03-03 07:44:34,b214f53e41a41ebdba39c5c592bb1400
6,524,2660.026,6144,2.633,3144.000,1.11011,2013-03-03 07:33:28,b214f53e41a41ebdba39c5c592bb4113
513,262,2660.026,6144,1.581,134406.000,1.75562,2013-03-03 07:33:00,b214f53e41a41ebdba39c5c592bb51c1
372,96,2660.026,6144,1.369,35712.000,1.19382,2013-03-03 07:30:11,b214f53e41a41ebdba39c5c592bb7757
97,672,2660.026,6144,2.633,65184.000,1.13909,2013-03-03 07:29:13,b214f53e41a41ebdba39c5c592bba2d8
302,188,2660.026,6144,1.365,56776.000,0.493958,2013-03-03 07:27:48,b214f53e41a41ebdba39c5c592bbba1e
686,276,2660.026,6144,1.953,189336.000,2.77941,2013-03-03 07:27:18,b214f53e41a41ebdba39c5c592bbc290
22,665,2660.026,6144,2.633,14630.000,1.14627,2013-03-03 07:26:12,b214f53e41a41ebdba39c5c592bbcb7f
275,469,2660.026,6144,2.658,128975.000,1.13569,2013-03-03 07:21:12,b214f53e41a41ebdba39c5c592bc0935
872,937,2660.026,6144,9.571,817064.000,1.69407,2013-03-03 07:20:40,b214f53e41a41ebdba39c5c592bc21a1
418,165,2660.026,6144,1.334,68970.000,0.542189,2013-03-03 07:20:08,b214f53e41a41ebdba39c5c592bc37b2
238,753,2660.026,6144,2.558,179214.000,1.14494,2013-03-03 07:19:37,b214f53e41a41ebdba39c5c592bc3a40
890,480,2660.026,6144,9.993,427200.000,15.0253,2013-03-03 07:19:17,b214f53e41a41ebdba39c5c592bc501d
995,144,2660.026,6144,1.308,143280.000,0.913212,2013-03-03 07:18:06,b214f53e41a41ebdba39c5c592bc5d33
792,17,2660.026,6144,1.418,13464.000,0.0112972,2013-03-03 07:17:39,b214f53e41a41ebdba39c5c592bc764e
754,867,2660.026,6144,2.690,653718.000,1.38058,2013-03-03 07:17:25,b214f53e41a41ebdba39c5c592bc812d
132,806,2660.026,6144,2.651,106392.000,1.13137,2013-03-03 07:17:10,b214f53e41a41ebdba39c5c592bc8c8d
698,600,2660.026,6144,4.618,418800.000,22.1531,2013-03-03 07:16:55,b214f53e41a41ebdba39c5c592bc9bcb
385,741,2660.026,6144,2.640,285285.000,1.2433,2013-03-03 07:12:19,b214f53e41a41ebdba39c5c592bcbe58
77,850,2660.026,6144,2.651,65450.000,1.23136,2013-03-03 07:09:42,b214f53e41a41ebdba39c5c592bcf8f4
740,297,2660.026,6144,2.149,219780.000,3.61527,2013-03-03 07:09:14,b214f53e41a41ebdba39c5c592bd01b5
90,245,2660.026,6144,1.375,22050.000,1.03793,2013-03-03 07:08:35,b214f53e41a41ebdba39c5c592bd0de5
327,444,2660.026,6144,2.837,145188.000,1.11003,2013-03-03 07:06:21,b214f53e41a41ebdba39c5c592bd11fd
238,135,2660.026,6144,1.260,32130.000,0.211009,2013-03-03 07:05:39,b214f53e41a41ebdba39c5c592bd24ee
569,201,2660.026,6144,1.581,114369.000,1.0326,2013-03-03 07:05:18,b214f53e41a41ebdba39c5c592bd2557
180,364,2660.026,6144,1.644,65520.000,1.0387,2013-03-03 07:03:50,b214f53e41a41ebdba39c5c592bd412b
963,97,2660.026,6144,1.228,93411.000,1.14235,2013-03-03 07:03:09,b214f53e41a41ebdba39c5c592bd5c27
186,227,2660.026,6144,1.430,42222.000,1.00902,2013-03-03 07:02:26,b214f53e41a41ebdba39c5c592bd769a
541,287,2660.026,6144,1.642,155267.000,2.45031,2013-03-03 07:01:39,b214f53e41a41ebdba39c5c592bd8eb5
377,778,2660.026,6144,2.631,293306.000,1.25825,2013-03-03 06:57:12,b214f53e41a41ebdba39c5c592bdd29b
669,518,2660.026,6144,5.790,346542.000,15.6492,2013-03-03 06:56:57,b214f53e41a41ebdba39c5c592bdd2b4
153,132,2660.026,6144,1.260,20196.000,0.168409,2013-03-03 06:52:37,b214f53e41a41ebdba39c5c592be1b4b
554,817,2660.026,6144,2.794,452618.000,1.73999,2013-03-03 06:52:15,b214f53e41a41ebdba39c5c592be1b53
630,939,2660.026,6144,2.775,591570.000,2.85614,2013-03-03 06:51:03,b214f53e41a41ebdba39c5c592be3c19
820,580,2660.026,6144,8.046,475600.000,5.13338,2013-03-03 06:48:06,b214f53e41a41ebdba39c5c592be5b3f
564,149,2660.026,6144,1.581,84036.000,1.0734,2013-03-03 06:45:39,b214f53e41a41ebdba39c5c592be6297
54,798,2660.026,6144,2.651,43092.000,3.41575,2013-03-03 06:45:15,b214f53e41a41ebdba39c5c592be6368
311,193,2660.026,6144,1.365,60023.000,0.791721,2013-03-03 06:34:55,b214f53e41a41ebdba39c5c592bea249
814,254,2660.026,6144,1.741,206756.000,5.36177,2013-03-03 06:34:03,b214f53e41a41ebdba39c5c592beba6e
973,626,2660.026,6144,18.534,609098.000,36.2046,2013-03-03 06:32:26,b214f53e41a41ebdba39c5c592becffc
133,893,2660.026,6144,2.651,118769.000,1.23714,2013-03-03 06:27:44,b214f53e41a41ebdba39c5c592bf0f5e
57,476,2660.026,6144,2.640,27132.000,1.13543,2013-03-03 06:27:29,b214f53e41a41ebdba39c5c592bf12e0
505,922,2660.026,6144,2.794,465610.000,1.37908,2013-03-03 06:27:15,b214f53e41a41ebdba39c5c592bf19fe
374,98,2660.026,6144,1.369,36652.000,1.1346,2013-03-03 06:26:44,b214f53e41a41ebdba39c5c592bf2144
272,203,2660.026,6144,1.393,55216.000,0.537343,2013-03-03 06:26:15,b214f53e41a41ebdba39c5c592bf3016
210,165,2660.026,6144,1.328,34650.000,0.0266089,2013-03-03 06:22:22,b214f53e41a41ebdba39c5c592bf5d34
864,72,2660.026,6144,1.150,62208.000,1.13798,2013-03-03 06:13:23,b214f53e41a41ebdba39c5c592bfa0a1
183,79,2660.026,6144,1.250,14457.000,0.0146795,2013-03-03 06:12:54,b214f53e41a41ebdba39c5c592bfbac1
216,189,2660.026,6144,1.393,40824.000,0.375314,2013-03-03 06:12:40,b214f53e41a41ebdba39c5c592bfbf62
888,165,2660.026,6144,1.198,146520.000,1.1181,2013-03-03 06:09:21,b214f53e41a41ebdba39c5c592bfe7ed
473,346,2660.026,6144,1.829,163658.000,3.36862,2013-03-03 06:03:03,b214f53e41a41ebdba39c5c592c00b5c
999,965,2660.026,6144,19.229,964035.000,45.0726,2013-03-03 06:02:39,b214f53e41a41ebdba39c5c592c00e29
134,860,2660.026,6144,2.651,115240.000,1.15834,2013-03-03 05:54:28,b214f53e41a41ebdba39c5c592c03fed
750,26,2660.026,6144,1.418,19500.000,1.13232,2013-03-03 05:54:01,b214f53e41a41ebdba39c5c592c0591a
500,288,2660.026,6144,1.642,144000.000,1.66923,2013-03-03 05:53:47,b214f53e41a41ebdba39c5c592c05b78
957,746,2660.026,6144,22.546,713922.000,5.13818,2013-03-03 05:52:39,b214f53e41a41ebdba39c5c592c05d60
773,497,2660.026,6144,4.628,384181.000,15.4312,2013-03-03 05:50:06,b214f53e41a41ebdba39c5c592c06477
38,818,2660.026,6144,2.651,31084.000,1.14605,2013-03-03 05:45:54,b214f53e41a41ebdba39c5c592c09aa5
263,526,2660.026,6144,2.608,138338.000,1.20407,2013-03-03 05:44:02,b214f53e41a41ebdba39c5c592c0cbc7
815,27,2660.026,6144,1.338,22005.000,1.02766,2013-03-03 05:43:18,b214f53e41a41ebdba39c5c592c0e9aa
459,202,2660.026,6144,1.394,92718.000,0.746393,2013-03-03 05:41:56,b214f53e41a41ebdba39c5c592c0f522
656,960,2660.026,6144,2.823,629760.000,1.56442,2013-03-03 05:40:51,b214f53e41a41ebdba39c5c592c11056
815,316,2660.026,6144,2.973,257540.000,2.91188,2013-03-03 05:37:47,b214f53e41a41ebdba39c5c592c1218b
192,922,2660.026,6144,2.651,177024.000,1.38944,2013-03-03 05:37:02,b214f53e41a41ebdba39c5c592c135d0
857,251,2660.026,6144,1.779,215107.000,2.75683,2013-03-03 05:34:42,b214f53e41a41ebdba39c5c592c17cfc
539,692,2660.026,6144,2.809,372988.000,1.36701,2013-03-03 05:34:22,b214f53e41a41ebdba39c5c592c18b37
572,77,2660.026,6144,1.581,44044.000,0.108997,2013-03-03 05:30:09,b214f53e41a41ebdba39c5c592c1a13b
212,168,2660.026,6144,1.328,35616.000,0.281836,2013-03-03 05:29:23,b214f53e41a41ebdba39c5c592c1b01b
72,621,2660.026,6144,2.633,44712.000,1.14305,2013-03-03 05:28:00,b214f53e41a41ebdba39c5c592c1cbe0
152,13,2660.026,6144,1.250,1976.000,-0.0038692,2013-03-03 05:25:11,b214f53e41a41ebdba39c5c592c1ec13
162,60,2660.026,6144,1.250,9720.000,-0.000455692,2013-03-03 05:24:57,b214f53e41a41ebdba39c5c592c1fab4
875,695,2660.026,6144,11.821,608125.000,42.3838,2013-03-03 05:24:07,b214f53e41a41ebdba39c5c592c21f02
469,86,2660.026,6144,1.345,40334.000,1.03395,2013-03-03 05:18:25,b214f53e41a41ebdba39c5c592c23cf1
350,800,2660.026,6144,2.669,280000.000,1.27738,2013-03-03 05:14:18,b214f53e41a41ebdba39c5c592c260aa
403,819,2660.026,6144,2.630,330057.000,0.158946,2013-03-03 05:14:03,b214f53e41a41ebdba39c5c592c262fd
18,271,2660.026,6144,1.436,4878.000,0.102435,2013-03-03 05:13:29,b214f53e41a41ebdba39c5c592c26762
885,722,2660.026,6144,14.889,638970.000,4.26074,2013-03-03 05:08:37,b214f53e41a41ebdba39c5c592c28c7a
538,360,2660.026,6144,1.786,193680.000,4.10275,2013-03-03 05:00:44,b214f53e41a41ebdba39c5c592c2b046
629,15,2660.026,6144,1.621,9435.000,0.00276992,2013-03-03 05:00:18,b214f53e41a41ebdba39c5c592c2bb48
808,9,2660.026,6144,1.338,7272.000,0.0231931,2013-03-03 05:00:04,b214f53e41a41ebdba39c5c592c2c086
647,62,2660.026,6144,1.621,40114.000,1.10003,2013-03-03 04:57:23,b214f53e41a41ebdba39c5c592c2d4c1
494,758,2660.026,6144,2.755,374452.000,1.27464,2013-03-03 04:52:30,b214f53e41a41ebdba39c5c592c3105f
973,783,2660.026,6144,22.546,761859.000,7.23325,2013-03-03 04:45:05,b214f53e41a41ebdba39c5c592c339f6
205,883,2660.026,6144,2.651,181015.000,1.21988,2013-03-03 04:41:06,b214f53e41a41ebdba39c5c592c352ab
669,731,2660.026,6144,6.179,489039.000,1.27963,2013-03-03 04:38:53,b214f53e41a41ebdba39c5c592c3858c
207,669,2660.026,6144,2.633,138483.000,1.08122,2013-03-03 04:38:24,b214f53e41a41ebdba39c5c592c3923c
687,105,2660.026,6144,1.516,72135.000,1.13756,2013-03-03 04:37:40,b214f53e41a41ebdba39c5c592c3aff0
299,242,2660.026,6144,1.322,72358.000,0.900885,2013-03-03 04:35:21,b214f53e41a41ebdba39c5c592c3db9e
4,910,2660.026,6144,2.651,3640.000,1.13462,2013-03-03 04:35:09,b214f53e41a41ebdba39c5c592c3e4a7
115,722,2660.026,6144,2.606,83030.000,1.29206,2013-03-03 04:33:02,b214f53e41a41ebdba39c5c592c40193
921,599,2660.026,6144,17.600,551679.000,28.9873,2013-03-03 04:32:32,b214f53e41a41ebdba39c5c592c40c71
633,268,2660.026,6144,1.913,169644.000,1.41854,2013-03-03 04:28:41,b214f53e41a41ebdba39c5c592c421ea
470,348,2660.026,6144,1.829,163560.000,3.37668,2013-03-03 04:23:30,b214f53e41a41ebdba39c5c592c43ea4
550,593,2660.026,6144,2.809,326150.000,1.19736,2013-03-03 04:20:11,b214f53e41a41ebdba39c5c592c46145
379,903,2660.026,6144,2.669,342237.000,1.25922,2013-03-03 04:18:34,b214f53e41a41ebdba39c5c592c475b5
298,729,2660.026,6144,2.640,217242.000,1.24759,2013-03-03 04:18:05,b214f53e41a41ebdba39c5c592c478cd
318,802,2660.026,6144,2.669,255036.000,1.28903,2013-03-03 04:16:48,b214f53e41a41ebdba39c5c592c48792
54,463,2660.026,6144,2.640,25002.000,1.02924,2013-03-03 04:16:20,b214f53e41a41ebdba39c5c592c49fc4
186,808,2660.026,6144,2.651,150288.000,1.1502,2013-03-03 04:16:06,b214f53e41a41ebdba39c5c592c4a870
105,33,2660.026,6144,1.301,3465.000,-0.000747395,2013-03-03 04:11:52,b214f53e41a41ebdba39c5c592c4db37
887,122,2660.026,6144,1.070,108214.000,1.25437,2013-03-03 04:08:50,b214f53e41a41ebdba39c5c592c4f598
960,62,2660.026,6144,1.228,59520.000,1.12784,2013-03-03 04:08:36,b214f53e41a41ebdba39c5c592c4f906
102,337,2660.026,6144,1.644,34374.000,1.11516,2013-03-03 04:06:42,b214f53e41a41ebdba39c5c592c511d4
936,683,2660.026,6144,17.295,639288.000,41.8448,2013-03-03 04:06:28,b214f53e41a41ebdba39c5c592c5137b
544,378,2660.026,6144,1.786,205632.000,0.330378,2013-03-03 04:04:07,b214f53e41a41ebdba39c5c592c51404
966,310,2660.026,6144,3.650,299460.000,5.18134,2013-03-03 03:59:07,b214f53e41a41ebdba39c5c592c55b30
133,701,2660.026,6144,2.606,93233.000,1.14287,2013-03-03 03:57:15,b214f53e41a41ebdba39c5c592c5626c
66,477,2660.026,6144,2.640,31482.000,1.13128,2013-03-03 03:56:31,b214f53e41a41ebdba39c5c592c57fd0
434,928,2660.026,6144,2.630,402752.000,1.24956,2013-03-03 03:55:42,b214f53e41a41ebdba39c5c592c58be3
681,32,2660.026,6144,1.509,21792.000,1.02482,2013-03-03 03:55:27,b214f53e41a41ebdba39c5c592c58e89
648,86,2660.026,6144,1.621,55728.000,1.14217,2013-03-03 03:55:00,b214f53e41a41ebdba39c5c592c5a51a
933,593,2660.026,6144,15.216,553269.000,2.56043,2013-03-03 03:54:29,b214f53e41a41ebdba39c5c592c5ad6e
309,4,2660.026,6144,1.245,1236.000,-2.59876e-05,2013-03-03 03:53:29,b214f53e41a41ebdba39c5c592c5af28
601,424,2660.026,6144,2.233,254824.000,6.08366,2013-03-03 03:53:02,b214f53e41a41ebdba39c5c592c5bd17
935,511,2660.026,6144,12.454,477785.000,23.6577,2013-03-03 03:49:14,b214f53e41a41ebdba39c5c592c5c676
588,718,2660.026,6144,2.808,422184.000,1.26784,2013-03-03 03:41:55,b214f53e41a41ebdba39c5c592c604c8
938,595,2660.026,6144,15.216,558110.000,2.5742,2013-03-03 03:39:35,b214f53e41a41ebdba39c5c592c6327d
948,351,2660.026,6144,4.555,332748.000,5.32824,2013-03-03 03:38:03,b214f53e41a41ebdba39c5c592c642da
56,741,2660.026,6144,2.606,41496.000,1.24043,2013-03-03 03:29:32,b214f53e41a41ebdba39c5c592c66431
248,395,2660.026,6144,2.066,97960.000,1.13127,2013-03-03 03:26:29,b214f53e41a41ebdba39c5c592c673e7
210,429,2660.026,6144,2.690,90090.000,1.13587,2013-03-03 03:26:00,b214f53e41a41ebdba39c5c592c68ed0
843,551,2660.026,6144,11.577,464493.000,1.98397,2013-03-03 03:24:53,b214f53e41a41ebdba39c5c592c6a1e2
2,642,2660.026,6144,2.633,1284.000,1.04046,2013-03-03 03:23:27,b214f53e41a41ebdba39c5c592c6ca20
572,234,2660.026,6144,1.581,133848.000,1.60039,2013-03-03 03:22:51,b214f53e41a41ebdba39c5c592c6dbf8
444,813,2660.026,6144,2.630,360972.000,1.26803,2013-03-03 03:22:21,b214f53e41a41ebdba39c5c592c6ef8d
394,951,2660.026,6144,2.630,374694.000,1.35785,2013-03-03 03:19:33,b214f53e41a41ebdba39c5c592c741a9
957,344,2660.026,6144,4.555,329208.000,6.47008,2013-03-03 03:19:18,b214f53e41a41ebdba39c5c592c74260
733,339,2660.026,6144,2.115,248487.000,5.08681,2013-03-03 03:18:42,b214f53e41a41ebdba39c5c592c74c8b
189,156,2660.026,6144,1.353,29484.000,0.222799,2013-03-03 03:18:12,b214f53e41a41ebdba39c5c592c74dd2
373,344,2660.026,6144,1.780,128312.000,2.90165,2013-03-03 03:17:51,b214f53e41a41ebdba39c5c592c75325
760,17,2660.026,6144,1.418,12920.000,0.0224981,2013-03-03 03:17:29,b214f53e41a41ebdba39c5c592c75a87
694,146,2660.026,6144,1.485,101324.000,0.693857,2013-03-03 03:16:34,b214f53e41a41ebdba39c5c592c770d1
449,948,2660.026,6144,2.630,425652.000,1.37257,2013-03-03 03:15:58,b214f53e41a41ebdba39c5c592c774aa
851,985,2660.026,6144,7.281,838235.000,1.49961,2013-03-03 03:14:42,b214f53e41a41ebdba39c5c592c797cb
978,194,2660.026,6144,1.330,189732.000,1.73208,2013-03-03 02:55:48,b214f53e41a41ebdba39c5c592c7ff90
676,549,2660.026,6144,5.790,371124.000,1.60128,2013-03-03 02:50:58,b214f53e41a41ebdba39c5c592c811cf
172,372,2660.026,6144,1.644,63984.000,1.12645,2013-03-03 02:38:27,b214f53e41a41ebdba39c5c592c8898a
554,828,2660.026,6144,2.794,458712.000,1.37766,2013-03-03 02:37:59,b214f53e41a41ebdba39c5c592c8a786
267,497,2660.026,6144,2.608,132699.000,1.05609,2013-03-03 02:37:31,b214f53e41a41ebdba39c5c592c8b099
370,70,2660.026,6144,1.369,25900.000,1.12844,2013-03-03 02:34:12,b214f53e41a41ebdba39c5c592c8df9e
949,246,2660.026,6144,1.889,233454.000,2.81748,2013-03-03 02:33:43,b214f53e41a41ebdba39c5c592c8f1bc
581,44,2660.026,6144,1.581,25564.000,1.03801,2013-03-03 02:33:23,b214f53e41a41ebdba39c5c592c8fd2c
551,386,2660.026,6144,2.233,212686.000,3.20239,2013-03-03 02:33:09,b214f53e41a41ebdba39c5c592c90610
627,157,2660.026,6144,1.621,98439.000,0.723243,2013-03-03 02:16:50,b214f53e41a41ebdba39c5c592c92b13
280,606,2660.026,6144,2.651,169680.000,0.121725,2013-03-03 02:16:14,b214f53e41a41ebdba39c5c592c93372
700,478,2660.026,6144,4.618,334600.000,1.2026,2013-03-03 02:16:00,b214f53e41a41ebdba39c5c592c93efb
457,1002,2660.026,6144,2.630,457914.000,1.48356,2013-03-03 02:14:17,b214f53e41a41ebdba39c5c592c94cd6
98,334,2660.026,6144,1.644,32732.000,1.04011,2013-03-03 02:11:58,b214f53e41a41ebdba39c5c592c984c1
197,216,2660.026,6144,1.430,42552.000,1.00781,2013-03-03 02:10:22,b214f53e41a41ebdba39c5c592c99f01
1011,977,2660.026,6144,14.003,987747.000,19.6949,2013-03-03 02:10:09,b214f53e41a41ebdba39c5c592c9ad63
560,801,2660.026,6144,2.794,448560.000,1.26495,2013-03-03 01:57:37,b214f53e41a41ebdba39c5c592c9db1e
932,462,2660.026,6144,9.628,430584.000,12.9575,2013-03-03 01:57:09,b214f53e41a41ebdba39c5c592c9e8a0
474,753,2660.026,6144,2.640,356922.000,1.26243,2013-03-03 01:54:40,b214f53e41a41ebdba39c5c592ca2245
501,645,2660.026,6144,2.775,323145.000,1.3902,2013-03-03 01:53:18,b214f53e41a41ebdba39c5c592ca51bb
571,135,2660.026,6144,1.581,77085.000,0.4953,2013-03-03 01:53:02,b214f53e41a41ebdba39c5c592ca605c
979,940,2660.026,6144,20.562,920260.000,27.8935,2013-03-03 01:51:50,b214f53e41a41ebdba39c5c592ca6a65
323,679,2660.026,6144,2.651,219317.000,0.118497,2013-03-03 01:46:28,b214f53e41a41ebdba39c5c592ca7899
465,893,2660.026,6144,2.679,415245.000,1.28346,2013-03-03 01:41:07,b214f53e41a41ebdba39c5c592caa5fc
817,997,2660.026,6144,6.241,814549.000,1.49049,2013-03-03 01:40:36,b214f53e41a41ebdba39c5c592caba71
304,243,2660.026,6144,1.322,73872.000,0.905451,2013-03-03 01:39:53,b214f53e41a41ebdba39c5c592cace2a
639,150,2660.026,6144,1.621,95850.000,0.668313,2013-03-03 01:39:26,b214f53e41a41ebdba39c5c592cadc1f
309,762,2660.026,6144,2.601,235458.000,1.1619,2013-03-03 01:38:38,b214f53e41a41ebdba39c5c592caeb62
554,326,2660.026,6144,2.018,180604.000,3.35377,2013-03-03 01:30:23,b214f53e41a41ebdba39c5c592cb36de
963,444,2660.026,6144,6.945,427572.000,7.72066,2013-03-03 01:30:00,b214f53e41a41ebdba39c5c592cb4561
238,714,2660.026,6144,2.582,169932.000,1.12391,2013-03-03 01:29:18,b214f53e41a41ebdba39c5c592cb54ca
834,351,2660.026,6144,2.973,292734.000,6.34763,2013-03-03 01:23:04,b214f53e41a41ebdba39c5c592cb7437
601,786,2660.026,6144,2.808,472386.000,1.2691,2013-03-03 01:22:16,b214f53e41a41ebdba39c5c592cb8a31
214,978,2660.026,6144,2.627,209292.000,0.144908,2013-03-03 01:21:28,b214f53e41a41ebdba39c5c592cb9a02
863,527,2660.026,6144,12.116,454801.000,1.74177,2013-03-03 01:20:55,b214f53e41a41ebdba39c5c592cba469
765,123,2660.026,6144,1.522,94095.000,1.24989,2013-03-03 01:19:54,b214f53e41a41ebdba39c5c592cbb294
258,129,2660.026,6144,1.260,33282.000,0.221085,2013-03-03 01:10:50,b214f53e41a41ebdba39c5c592cc295a
724,543,2660.026,6144,5.424,393132.000,1.65988,2013-03-03 01:08:19,b214f53e41a41ebdba39c5c592cc6d38
380,777,2660.026,6144,2.631,295260.000,1.26754,2013-03-03 01:07:48,b214f53e41a41ebdba39c5c592cc80c8
553,435,2660.026,6144,2.857,240555.000,7.40333,2013-03-03 01:07:34,b214f53e41a41ebdba39c5c592cc8a45
237,991,2660.026,6144,2.627,234867.000,1.26426,2013-03-03 01:05:54,b214f53e41a41ebdba39c5c592ccb299
527,418,2660.026,6144,2.233,220286.000,6.81941,2013-03-03 01:05:19,b214f53e41a41ebdba39c5c592ccc90e
490,137,2660.026,6144,1.862,67130.000,0.427791,2013-03-03 01:01:21,b214f53e41a41ebdba39c5c592ccfabd
805,170,2660.026,6144,1.514,136850.000,1.03168,2013-03-03 00:59:28,b214f53e41a41ebdba39c5c592cd2493
69,793,2660.026,6144,2.651,54717.000,1.13141,2013-03-03 00:58:12,b214f53e41a41ebdba39c5c592cd3a2f
972,345,2660.026,6144,4.135,335340.000,7.07838,2013-03-03 00:57:00,b214f53e41a41ebdba39c5c592cd54df
715,822,2660.026,6144,3.025,587730.000,1.36716,2013-03-03 00:51:09,b214f53e41a41ebdba39c5c592cd73a0
288,300,2660.026,6144,1.645,86400.000,1.04438,2013-03-03 00:50:40,b214f53e41a41ebdba39c5c592cd7ea2
15,606,2660.026,6144,2.633,9090.000,0.111814,2013-03-03 00:43:39,b214f53e41a41ebdba39c5c592cdb106
1000,790,2660.026,6144,22.546,790000.000,6.15131,2013-03-03 00:38:03,b214f53e41a41ebdba39c5c592cde6d6
180,661,2660.026,6144,2.633,118980.000,1.14442,2013-03-03 00:34:26,b214f53e41a41ebdba39c5c592cdff95
853,253,2660.026,6144,1.779,215809.000,2.88461,2013-03-03 00:34:12,b214f53e41a41ebdba39c5c592ce016f
622,333,2660.026,6144,2.018,207126.000,4.15265,2013-03-03 00:33:50,b214f53e41a41ebdba39c5c592ce074b
516,428,2660.026,6144,2.857,220848.000,6.57215,2013-03-03 00:27:51,b214f53e41a41ebdba39c5c592ce2d5c
839,616,2660.026,6144,13.596,516824.000,2.35024,2013-03-03 00:25:48,b214f53e41a41ebdba39c5c592ce4e3f
459,591,2660.026,6144,2.703,271269.000,1.24738,2013-03-03 00:23:35,b214f53e41a41ebdba39c5c592ce7a29
169,604,2660.026,6144,2.633,102076.000,1.10688,2013-03-03 00:23:04,b214f53e41a41ebdba39c5c592ce8d98
349,483,2660.026,6144,2.658,168567.000,1.04106,2013-03-03 00:17:39,b214f53e41a41ebdba39c5c592cecbfc
539,995,2660.026,6144,2.794,536305.000,1.38815,2013-03-03 00:14:31,b214f53e41a41ebdba39c5c592ced9bb
306,55,2660.026,6144,1.300,16830.000,0.0462418,2013-03-03 00:13:48,b214f53e41a41ebdba39c5c592cef16b
876,436,2660.026,6144,7.643,381936.000,11.8757,2013-03-03 00:13:04,b214f53e41a41ebdba39c5c592cf0d5c
8,44,2660.026,6144,1.283,352.000,1.01883,2013-03-03 00:12:04,b214f53e41a41ebdba39c5c592cf17b5
554,100,2660.026,6144,1.581,55400.000,-0.0229312,2013-03-03 00:11:44,b214f53e41a41ebdba39c5c592cf1e37
258,470,2660.026,6144,2.616,121260.000,1.13898,2013-03-03 00:05:19,b214f53e41a41ebdba39c5c592cf6e8d
27,622,2660.026,6144,2.633,16794.000,1.22692,2013-03-03 00:05:05,b214f53e41a41ebdba39c5c592cf7c60
314,891,2660.026,6144,2.669,279774.000,1.28182,2013-03-03 00:04:32,b214f53e41a41ebdba39c5c592cf88fc
345,877,2660.026,6144,2.669,302565.000,1.27203,2013-03-03 00:04:02,b214f53e41a41ebdba39c5c592cf95c9
100,171,2660.026,6144,1.404,17100.000,1.07934,2013-03-03 00:02:08,b214f53e41a41ebdba39c5c592cfafa6
678,695,2660.026,6144,6.106,471210.000,1.37738,2013-03-02 23:59:46,b214f53e41a41ebdba39c5c592cfd711
467,653,2660.026,6144,2.703,304951.000,0.218173,2013-03-02 23:54:21,b214f53e41a41ebdba39c5c592d01f91
252,795,2660.026,6144,2.627,200340.000,0.122472,2013-03-02 23:53:48,b214f53e41a41ebdba39c5c592d02992
885,834,2660.026,6144,14.670,738090.000,38.6808,2013-03-02 23:53:02,b214f53e41a41ebdba39c5c592d04061
38,512,2660.026,6144,2.633,19456.000,1.03963,2013-03-02 23:48:53,b214f53e41a41ebdba39c5c592d044a5
286,487,2660.026,6144,2.658,139282.000,1.13371,2013-03-02 23:41:32,b214f53e41a41ebdba39c5c592d0851f
672,789,2660.026,6144,2.997,530208.000,1.25877,2013-03-02 23:32:44,b214f53e41a41ebdba39c5c592d0ef3f
255,674,2660.026,6144,2.608,171870.000,1.20804,2013-03-02 23:32:16,b214f53e41a41ebdba39c5c592d0f674
232,55,2660.026,6144,1.250,12760.000,0.0043637,2013-03-02 23:29:00,b214f53e41a41ebdba39c5c592d115fb
496,51,2660.026,6144,1.581,25296.000,1.15064,2013-03-02 23:27:52,b214f53e41a41ebdba39c5c592d140d4
849,474,2660.026,6144,7.944,402426.000,14.9578,2013-03-02 23:27:38,b214f53e41a41ebdba39c5c592d146a3
760,530,2660.026,6144,8.171,402800.000,17.0029,2013-03-02 23:25:27,b214f53e41a41ebdba39c5c592d158a2
965,312,2660.026,6144,3.650,301080.000,5.28259,2013-03-02 23:22:20,b214f53e41a41ebdba39c5c592d16423
450,811,2660.026,6144,2.630,364950.000,1.23866,2013-03-02 23:21:49,b214f53e41a41ebdba39c5c592d16ea5
929,358,2660.026,6144,4.526,332582.000,7.45811,2013-03-02 23:10:42,b214f53e41a41ebdba39c5c592d19aa6
491,518,2660.026,6144,3.056,254338.000,1.13916,2013-03-02 23:10:02,b214f53e41a41ebdba39c5c592d19eb3
930,389,2660.026,6144,6.889,361770.000,9.12371,2013-03-02 23:07:57,b214f53e41a41ebdba39c5c592d1cb0b
964,92,2660.026,6144,1.228,88688.000,1.11878,2013-03-02 23:04:26,b214f53e41a41ebdba39c5c592d1e69c
416,379,2660.026,6144,1.780,157664.000,4.11069,2013-03-02 23:04:11,b214f53e41a41ebdba39c5c592d1ee82
690,689,2660.026,6144,6.795,475410.000,3.72466,2013-03-02 23:03:31,b214f53e41a41ebdba39c5c592d1fa04
396,349,2660.026,6144,1.780,138204.000,2.92109,2013-03-02 22:55:48,b214f53e41a41ebdba39c5c592d24ee1
797,570,2660.026,6144,5.253,454290.000,9.81402,2013-03-02 22:55:26,b214f53e41a41ebdba39c5c592d25a1c
651,583,2660.026,6144,5.790,379533.000,20.311,2013-03-02 22:53:19,b214f53e41a41ebdba39c5c592d280f7
505,874,2660.026,6144,2.794,441370.000,0.132025,2013-03-02 22:51:49,b214f53e41a41ebdba39c5c592d2863b
613,513,2660.026,6144,3.325,314469.000,3.43412,2013-03-02 22:51:44,b214f53e41a41ebdba39c5c592d2893b
878,1024,2660.026,6144,9.558,899072.000,1.81204,2013-03-02 22:50:45,b214f53e41a41ebdba39c5c592d2992b
868,927,2660.026,6144,9.253,804636.000,1.50854,2013-03-02 22:49:48,b214f53e41a41ebdba39c5c592d2b74b
617,645,2660.026,6144,2.808,397965.000,1.27827,2013-03-02 22:49:33,b214f53e41a41ebdba39c5c592d2bb45
150,958,2660.026,6144,2.651,143700.000,0.13399,2013-03-02 22:49:19,b214f53e41a41ebdba39c5c592d2c9b8
242,186,2660.026,6144,1.328,45012.000,0.0401599,2013-03-02 22:48:48,b214f53e41a41ebdba39c5c592d2d934
727,70,2660.026,6144,1.678,50890.000,1.12525,2013-03-02 22:45:10,b214f53e41a41ebdba39c5c592d3016a
705,128,2660.026,6144,1.516,90240.000,0.614404,2013-03-02 22:44:16,b214f53e41a41ebdba39c5c592d32061
995,520,2660.026,6144,14.556,517400.000,2.30219,2013-03-02 22:43:10,b214f53e41a41ebdba39c5c592d33380
944,56,2660.026,6144,1.071,52864.000,1.13263,2013-03-02 22:42:27,b214f53e41a41ebdba39c5c592d33c9c
394,822,2660.026,6144,2.630,323868.000,1.23159,2013-03-02 22:41:58,b214f53e41a41ebdba39c5c592d34b13
374,238,2660.026,6144,1.368,89012.000,1.02406,2013-03-02 22:41:29,b214f53e41a41ebdba39c5c592d35821
414,322,2660.026,6144,1.780,133308.000,2.74397,2013-03-02 22:35:33,b214f53e41a41ebdba39c5c592d3a0ff
907,552,2660.026,6144,13.454,500664.000,27.6561,2013-03-02 22:34:34,b214f53e41a41ebdba39c5c592d3c1fa
996,607,2660.026,6144,18.534,604572.000,3.7159,2013-03-02 22:33:07,b214f53e41a41ebdba39c5c592d3cc90
502,537,2660.026,6144,2.775,269574.000,0.471677,2013-03-02 22:29:29,b214f53e41a41ebdba39c5c592d4002e
803,204,2660.026,6144,1.635,163812.000,0.155807,2013-03-02 22:28:53,b214f53e41a41ebdba39c5c592d41ba7
931,866,2660.026,6144,17.216,806246.000,7.49958,2013-03-02 22:28:47,b214f53e41a41ebdba39c5c592d424bb
447,48,2660.026,6144,1.345,21456.000,1.04379,2013-03-02 22:21:14,b214f53e41a41ebdba39c5c592d4528e
63,268,2660.026,6144,1.436,16884.000,1.13749,2013-03-02 22:21:00,b214f53e41a41ebdba39c5c592d45aaf
834,89,2660.026,6144,1.442,74226.000,1.12799,2013-03-02 22:20:47,b214f53e41a41ebdba39c5c592d467c2
637,477,2660.026,6144,4.605,303849.000,1.10796,2013-03-02 22:20:32,b214f53e41a41ebdba39c5c592d474da
97,107,2660.026,6144,1.301,10379.000,0.000765851,2013-03-02 22:20:26,b214f53e41a41ebdba39c5c592d47e54
694,428,2660.026,6144,3.197,297032.000,8.71278,2013-03-02 22:20:15,b214f53e41a41ebdba39c5c592d48871
379,421,2660.026,6144,2.212,159559.000,1.02859,2013-03-02 22:19:29,b214f53e41a41ebdba39c5c592d48e07
704,460,2660.026,6144,4.325,323840.000,1.06124,2013-03-02 22:18:03,b214f53e41a41ebdba39c5c592d494d6
346,626,2660.026,6144,2.651,216596.000,1.128,2013-03-02 22:17:50,b214f53e41a41ebdba39c5c592d497dc
497,727,2660.026,6144,2.765,361319.000,1.29375,2013-03-02 22:15:40,b214f53e41a41ebdba39c5c592d4b5e8
939,495,2660.026,6144,12.454,464805.000,19.3528,2013-03-02 22:14:57,b214f53e41a41ebdba39c5c592d4c822
782,819,2660.026,6144,2.853,640458.000,0.137239,2013-03-02 22:13:53,b214f53e41a41ebdba39c5c592d4caaa
215,654,2660.026,6144,2.608,140610.000,1.23987,2013-03-02 22:12:16,b214f53e41a41ebdba39c5c592d4f3ef
645,749,2660.026,6144,6.110,483105.000,1.32581,2013-03-02 22:11:43,b214f53e41a41ebdba39c5c592d4fd66
599,294,2660.026,6144,2.018,176106.000,2.90455,2013-03-02 22:11:13,b214f53e41a41ebdba39c5c592d511d5
349,873,2660.026,6144,2.669,304677.000,1.24716,2013-03-02 22:04:59,b214f53e41a41ebdba39c5c592d53fe4
358,581,2660.026,6144,2.651,207998.000,1.14439,2013-03-02 22:04:26,b214f53e41a41ebdba39c5c592d54f99
685,526,2660.026,6144,8.267,360310.000,16.4646,2013-03-02 22:02:59,b214f53e41a41ebdba39c5c592d577b0
961,270,2660.026,6144,2.544,259470.000,2.21004,2013-03-02 22:01:41,b214f53e41a41ebdba39c5c592d58259
850,1023,2660.026,6144,7.281,869550.000,0.156372,2013-03-02 22:01:23,b214f53e41a41ebdba39c5c592d590c5
787,181,2660.026,6144,1.491,142447.000,0.119248,2013-03-02 21:45:28,b214f53e41a41ebdba39c5c592d5d544
921,416,2660.026,6144,6.889,383136.000,0.942932,2013-03-02 21:42:20,b214f53e41a41ebdba39c5c592d60303
461,622,2660.026,6144,2.703,286742.000,-0.0212559,2013-03-02 21:41:16,b214f53e41a41ebdba39c5c592d60b23
863,753,2660.026,6144,18.764,649839.000,4.7649,2013-03-02 21:41:01,b214f53e41a41ebdba39c5c592d60c33
615,672,2660.026,6144,2.808,413280.000,-0.0134008,2013-03-02 21:38:29,b214f53e41a41ebdba39c5c592d61981
443,466,2660.026,6144,3.378,206438.000,1.10207,2013-03-02 21:37:47,b214f53e41a41ebdba39c5c592d629ac
792,751,2660.026,6144,8.770,594792.000,13.4369,2013-03-02 21:32:12,b214f53e41a41ebdba39c5c592d6926b
633,820,2660.026,6144,3.921,519060.000,0.108726,2013-03-02 21:30:12,b214f53e41a41ebdba39c5c592d693c7
563,11,2660.026,6144,1.581,6193.000,0.00181212,2013-03-02 21:24:56,b214f53e41a41ebdba39c5c592d6b055
384,397,2660.026,6144,2.226,152448.000,0.510383,2013-03-02 21:24:15,b214f53e41a41ebdba39c5c592d6d4b2
221,265,2660.026,6144,1.412,58565.000,1.0194,2013-03-02 21:23:16,b214f53e41a41ebdba39c5c592d6e68c
46,325,2660.026,6144,1.644,14950.000,-0.0325596,2013-03-02 21:22:16,b214f53e41a41ebdba39c5c592d70a03
149,514,2333.359,2048,0.690,76586.000,0.15987,2013-03-03 00:26:09,b3058c6f8db678a33f36f6d1ef184306
791,46,2333.359,2048,0.692,36386.000,0.15153,2013-03-03 00:25:40,b3058c6f8db678a33f36f6d1ef186354
623,749,2333.359,2048,0.811,466627.000,0.200528,2013-03-03 00:24:45,b3058c6f8db678a33f36f6d1ef188df7
610,982,2333.359,2048,0.872,599020.000,0.224906,2013-03-03 00:24:37,b3058c6f8db678a33f36f6d1ef18994a
525,144,2333.359,2048,0.774,75600.000,0.0603614,2013-03-03 00:24:06,b3058c6f8db678a33f36f6d1ef18aa97
855,553,2333.359,2048,2.488,472815.000,2.67149,2013-03-03 00:24:03,b3058c6f8db678a33f36f6d1ef18b245
928,63,2333.359,2048,0.698,58464.000,0.163636,2013-03-03 00:23:32,b3058c6f8db678a33f36f6d1ef18bd82
675,1003,2333.359,2048,1.178,677025.000,0.228151,2013-03-03 00:21:53,b3058c6f8db678a33f36f6d1ef192147
180,775,2333.359,2048,0.684,139500.000,0.176191,2013-03-03 00:21:44,b3058c6f8db678a33f36f6d1ef19216a
311,101,2333.359,2048,0.636,31411.000,0.160536,2013-03-03 00:21:29,b3058c6f8db678a33f36f6d1ef19358c
744,57,2333.359,2048,0.679,42408.000,0.153853,2013-03-03 00:20:40,b3058c6f8db678a33f36f6d1ef194495
827,82,2333.359,2048,0.685,67814.000,0.161309,2013-03-03 00:20:11,b3058c6f8db678a33f36f6d1ef196151
586,676,2333.359,2048,0.977,396136.000,0.188597,2013-03-03 00:20:05,b3058c6f8db678a33f36f6d1ef1970af
860,894,2333.359,2048,1.680,768840.000,0.229058,2013-03-03 00:19:38,b3058c6f8db678a33f36f6d1ef198b5e
111,723,2333.359,2048,0.682,80253.000,0.168247,2013-03-03 00:19:07,b3058c6f8db678a33f36f6d1ef19a1af
486,151,2333.359,2048,0.771,73386.000,0.0602858,2013-03-03 00:18:51,b3058c6f8db678a33f36f6d1ef19b2c3
243,427,2333.359,2048,0.754,103761.000,0.158486,2013-03-03 00:18:33,b3058c6f8db678a33f36f6d1ef19d1b3
773,11,2333.359,2048,0.707,8503.000,0.000630903,2013-03-03 00:18:19,b3058c6f8db678a33f36f6d1ef19dd86
422,321,2333.359,2048,0.739,135462.000,0.276467,2013-03-03 00:18:11,b3058c6f8db678a33f36f6d1ef19eac1
525,83,2333.359,2048,0.781,43575.000,0.159031,2013-03-03 00:17:47,b3058c6f8db678a33f36f6d1ef1a0ac0
271,235,2333.359,2048,0.634,63685.000,0.0821824,2013-03-03 00:17:11,b3058c6f8db678a33f36f6d1ef1a2c94
91,998,2333.359,2048,0.687,90818.000,0.18576,2013-03-03 00:17:07,b3058c6f8db678a33f36f6d1ef1a3267
569,713,2333.359,2048,0.977,405697.000,0.192093,2013-03-03 00:16:59,b3058c6f8db678a33f36f6d1ef1a32c4
959,793,2333.359,2048,3.568,760487.000,6.52752,2013-03-03 00:16:43,b3058c6f8db678a33f36f6d1ef1a408a
525,360,2333.359,2048,0.888,189000.000,0.466262,2013-03-03 00:16:09,b3058c6f8db678a33f36f6d1ef1a54ba
452,810,2333.359,2048,0.694,366120.000,0.196262,2013-03-03 00:15:38,b3058c6f8db678a33f36f6d1ef1a6ae8
664,940,2333.359,2048,1.197,624160.000,0.223793,2013-03-03 00:14:12,b3058c6f8db678a33f36f6d1ef1a85cc
648,265,2333.359,2048,0.779,171720.000,0.280913,2013-03-03 00:14:01,b3058c6f8db678a33f36f6d1ef1a957c
659,364,2333.359,2048,0.973,239876.000,0.603023,2013-03-03 00:13:50,b3058c6f8db678a33f36f6d1ef1a9b5d
123,961,2333.359,2048,0.686,118203.000,0.188596,2013-03-03 00:13:22,b3058c6f8db678a33f36f6d1ef1aa690
456,287,2333.359,2048,0.784,130872.000,0.22274,2013-03-03 00:13:09,b3058c6f8db678a33f36f6d1ef1ab4d2
342,227,2333.359,2048,0.642,77634.000,0.0976901,2013-03-03 00:12:37,b3058c6f8db678a33f36f6d1ef1ade15
853,152,2333.359,2048,0.646,129656.000,0.106596,2013-03-03 00:12:24,b3058c6f8db678a33f36f6d1ef1aebdc
154,680,2333.359,2048,0.682,104720.000,0.168727,2013-03-03 00:10:46,b3058c6f8db678a33f36f6d1ef1b58c1
70,806,2333.359,2048,0.684,56420.000,0.172598,2013-03-03 00:10:28,b3058c6f8db678a33f36f6d1ef1b63c8
430,740,2333.359,2048,0.691,318200.000,0.187939,2013-03-03 00:10:10,b3058c6f8db678a33f36f6d1ef1b6db2
671,700,2333.359,2048,1.585,469700.000,0.197066,2013-03-03 00:09:50,b3058c6f8db678a33f36f6d1ef1b8116
241,742,2333.359,2048,0.683,178822.000,0.175461,2013-03-03 00:08:35,b3058c6f8db678a33f36f6d1ef1bb2dc
962,431,2333.359,2048,1.516,414622.000,1.46769,2013-03-03 00:08:23,b3058c6f8db678a33f36f6d1ef1bbe61
356,516,2333.359,2048,0.693,183696.000,0.167407,2013-03-03 00:08:09,b3058c6f8db678a33f36f6d1ef1bce9c
762,638,2333.359,2048,2.488,486156.000,3.31099,2013-03-03 00:08:02,b3058c6f8db678a33f36f6d1ef1bdc11
971,54,2333.359,2048,0.788,52434.000,0.153238,2013-03-03 00:07:27,b3058c6f8db678a33f36f6d1ef1bec25
280,772,2333.359,2048,0.687,216160.000,0.181835,2013-03-03 00:07:21,b3058c6f8db678a33f36f6d1ef1bee31
836,872,2333.359,2048,1.749,728992.000,0.225109,2013-03-03 00:06:18,b3058c6f8db678a33f36f6d1ef1c3368
395,516,2333.359,2048,0.693,203820.000,0.170781,2013-03-03 00:05:59,b3058c6f8db678a33f36f6d1ef1c3cf9
1011,955,2333.359,2048,6.457,965505.000,10.1375,2013-03-03 00:05:52,b3058c6f8db678a33f36f6d1ef1c419a
489,316,2333.359,2048,0.880,154524.000,0.304818,2013-03-03 00:04:40,b3058c6f8db678a33f36f6d1ef1c7463
633,123,2333.359,2048,0.677,77859.000,0.168898,2013-03-03 00:03:31,b3058c6f8db678a33f36f6d1ef1cd37e
929,771,2333.359,2048,5.327,716259.000,5.99318,2013-03-03 00:03:08,b3058c6f8db678a33f36f6d1ef1ceda9
1000,220,2333.359,2048,0.718,220000.000,0.259728,2013-03-03 00:02:43,b3058c6f8db678a33f36f6d1ef1cf7a1
497,830,2333.359,2048,0.813,412510.000,0.200033,2013-03-03 00:02:22,b3058c6f8db678a33f36f6d1ef1d05da
272,4,2333.359,2048,0.601,1088.000,5.86748e-05,2013-03-03 00:01:49,b3058c6f8db678a33f36f6d1ef1d28d2
716,365,2333.359,2048,0.937,261340.000,0.655761,2013-03-02 23:59:43,b3058c6f8db678a33f36f6d1ef1d89a1
712,844,2333.359,2048,1.111,600928.000,0.215135,2013-03-02 23:59:21,b3058c6f8db678a33f36f6d1ef1d8d0c
498,942,2333.359,2048,0.814,469116.000,0.222017,2013-03-02 23:58:40,b3058c6f8db678a33f36f6d1ef1db119
998,475,2333.359,2048,3.399,474050.000,2.08137,2013-03-02 23:58:15,b3058c6f8db678a33f36f6d1ef1dc734
691,982,2333.359,2048,1.076,678562.000,0.226903,2013-03-02 23:58:06,b3058c6f8db678a33f36f6d1ef1dce73
253,534,2333.359,2048,0.692,135102.000,0.165342,2013-03-02 23:57:25,b3058c6f8db678a33f36f6d1ef1dd43e
699,748,2333.359,2048,1.476,522852.000,0.205033,2013-03-02 23:56:20,b3058c6f8db678a33f36f6d1ef1e0051
271,244,2333.359,2048,0.644,66124.000,0.0917587,2013-03-02 23:55:57,b3058c6f8db678a33f36f6d1ef1e21c0
764,978,2333.359,2048,1.079,747192.000,0.235881,2013-03-02 23:55:52,b3058c6f8db678a33f36f6d1ef1e2b42
877,767,2333.359,2048,4.968,672659.000,5.56242,2013-03-02 23:54:26,b3058c6f8db678a33f36f6d1ef1e7230
671,766,2333.359,2048,1.173,513986.000,0.204563,2013-03-02 23:53:48,b3058c6f8db678a33f36f6d1ef1e8c57
574,939,2333.359,2048,0.868,538986.000,0.234267,2013-03-02 23:53:26,b3058c6f8db678a33f36f6d1ef1ea4eb
119,802,2333.359,2048,0.684,95438.000,0.176206,2013-03-02 23:53:09,b3058c6f8db678a33f36f6d1ef1ebb0a
843,484,2333.359,2048,2.233,408012.000,1.77937,2013-03-02 23:53:02,b3058c6f8db678a33f36f6d1ef1ebf3e
416,223,2333.359,2048,0.642,92768.000,0.113143,2013-03-02 23:52:17,b3058c6f8db678a33f36f6d1ef1ed6e4
835,773,2333.359,2048,2.206,645455.000,5.36864,2013-03-02 23:51:34,b3058c6f8db678a33f36f6d1ef1f0451
712,75,2333.359,2048,0.693,53400.000,0.15731,2013-03-02 23:51:11,b3058c6f8db678a33f36f6d1ef1f0d64
326,393,2333.359,2048,0.752,128118.000,0.170006,2013-03-02 23:50:54,b3058c6f8db678a33f36f6d1ef1f1a6f
316,753,2333.359,2048,0.980,237948.000,0.180337,2013-03-02 23:50:47,b3058c6f8db678a33f36f6d1ef1f26a6
438,453,2333.359,2048,0.808,198414.000,0.166697,2013-03-02 23:50:02,b3058c6f8db678a33f36f6d1ef1f69bb
833,445,2333.359,2048,1.741,370685.000,1.40406,2013-03-02 23:49:16,b3058c6f8db678a33f36f6d1ef1f8ea3
640,517,2333.359,2048,1.663,330880.000,1.71791,2013-03-02 23:48:21,b3058c6f8db678a33f36f6d1ef1fc282
543,962,2333.359,2048,0.815,522366.000,0.21679,2013-03-02 23:46:43,b3058c6f8db678a33f36f6d1ef201594
443,998,2333.359,2048,0.695,442114.000,0.210066,2013-03-02 23:46:21,b3058c6f8db678a33f36f6d1ef2038a2
716,852,2333.359,2048,1.111,610032.000,0.224403,2013-03-02 23:45:51,b3058c6f8db678a33f36f6d1ef205cf7
412,1004,2333.359,2048,0.695,413648.000,0.211456,2013-03-02 23:45:21,b3058c6f8db678a33f36f6d1ef208677
732,193,2333.359,2048,0.689,141276.000,0.144886,2013-03-02 23:45:05,b3058c6f8db678a33f36f6d1ef209ff9
498,894,2333.359,2048,0.813,445212.000,0.203412,2013-03-02 23:44:59,b3058c6f8db678a33f36f6d1ef20ac59
134,866,2333.359,2048,0.684,116044.000,0.180873,2013-03-02 23:44:14,b3058c6f8db678a33f36f6d1ef20cd25
310,384,2333.359,2048,0.741,119040.000,0.158202,2013-03-02 23:44:06,b3058c6f8db678a33f36f6d1ef20d492
949,617,2333.359,2048,3.034,585533.000,3.75864,2013-03-02 23:43:45,b3058c6f8db678a33f36f6d1ef20e673
609,349,2333.359,2048,0.946,212541.000,0.501764,2013-03-02 23:43:22,b3058c6f8db678a33f36f6d1ef20f6ce
15,665,2333.359,2048,0.680,9975.000,0.162126,2013-03-02 23:42:41,b3058c6f8db678a33f36f6d1ef211086
509,997,2333.359,2048,0.819,507473.000,0.215938,2013-03-02 23:41:35,b3058c6f8db678a33f36f6d1ef215c59
956,256,2333.359,2048,0.772,244736.000,0.553198,2013-03-02 23:41:20,b3058c6f8db678a33f36f6d1ef21674b
6,795,2333.359,2048,0.683,4770.000,0.169692,2013-03-02 23:41:01,b3058c6f8db678a33f36f6d1ef216d1b
826,760,2333.359,2048,2.206,627760.000,5.07131,2013-03-02 23:40:43,b3058c6f8db678a33f36f6d1ef217c45
677,877,2333.359,2048,1.174,593729.000,0.220735,2013-03-02 23:40:21,b3058c6f8db678a33f36f6d1ef2187b5
168,108,2333.359,2048,0.621,18144.000,0.0120324,2013-03-02 23:39:31,b3058c6f8db678a33f36f6d1ef21ba16
262,952,2333.359,2048,0.685,249424.000,0.193778,2013-03-02 23:39:20,b3058c6f8db678a33f36f6d1ef21c10b
598,345,2333.359,2048,0.946,206310.000,0.473769,2013-03-02 23:36:18,b3058c6f8db678a33f36f6d1ef226011
838,179,2333.359,2048,0.594,150002.000,0.143012,2013-03-02 23:35:48,b3058c6f8db678a33f36f6d1ef2269f2
711,263,2333.359,2048,0.798,186993.000,0.284136,2013-03-02 23:35:26,b3058c6f8db678a33f36f6d1ef227dec
634,656,2333.359,2048,1.326,415904.000,0.19276,2013-03-02 23:34:34,b3058c6f8db678a33f36f6d1ef22a3b9
418,383,2333.359,2048,0.749,160094.000,0.484773,2013-03-02 23:34:09,b3058c6f8db678a33f36f6d1ef22c84a
867,372,2333.359,2048,1.037,322524.000,0.833412,2013-03-02 23:33:45,b3058c6f8db678a33f36f6d1ef22db3d
729,881,2333.359,2048,1.345,642249.000,0.22125,2013-03-02 23:32:48,b3058c6f8db678a33f36f6d1ef22e7b0
693,873,2333.359,2048,1.072,604989.000,0.215738,2013-03-02 23:32:38,b3058c6f8db678a33f36f6d1ef22f321
310,427,2333.359,2048,0.755,132370.000,0.159379,2013-03-02 23:32:29,b3058c6f8db678a33f36f6d1ef22fd70
233,383,2333.359,2048,0.740,89239.000,0.154757,2013-03-02 23:31:26,b3058c6f8db678a33f36f6d1ef2320ac
853,854,2333.359,2048,2.170,728462.000,6.91857,2013-03-02 23:31:19,b3058c6f8db678a33f36f6d1ef232cef
197,427,2333.359,2048,0.753,84119.000,0.158591,2013-03-02 23:30:36,b3058c6f8db678a33f36f6d1ef234dad
492,590,2333.359,2048,0.816,290280.000,0.179017,2013-03-02 23:30:01,b3058c6f8db678a33f36f6d1ef237c2a
318,633,2333.359,2048,0.693,201294.000,0.174307,2013-03-02 23:29:54,b3058c6f8db678a33f36f6d1ef2388ab
216,1000,2333.359,2048,0.685,216000.000,0.195686,2013-03-02 23:28:57,b3058c6f8db678a33f36f6d1ef23c0ea
68,467,2333.359,2048,0.697,31756.000,0.155667,2013-03-02 23:28:44,b3058c6f8db678a33f36f6d1ef23d0c4
1013,820,2333.359,2048,6.457,830660.000,6.93034,2013-03-02 23:28:38,b3058c6f8db678a33f36f6d1ef23db86
981,5,2333.359,2048,0.788,4905.000,0.000766397,2013-03-02 23:26:54,b3058c6f8db678a33f36f6d1ef2412df
502,927,2333.359,2048,0.814,465354.000,0.206798,2013-03-02 23:26:52,b3058c6f8db678a33f36f6d1ef2422c0
423,705,2333.359,2048,0.691,298215.000,0.185295,2013-03-02 23:26:38,b3058c6f8db678a33f36f6d1ef2434b5
769,694,2333.359,2048,2.553,533686.000,3.99332,2013-03-02 23:26:24,b3058c6f8db678a33f36f6d1ef24392a
529,498,2333.359,2048,0.816,263442.000,1.2703,2013-03-02 23:24:57,b3058c6f8db678a33f36f6d1ef2472db
370,478,2333.359,2048,0.698,176860.000,0.164799,2013-03-02 23:23:53,b3058c6f8db678a33f36f6d1ef24a88b
124,504,2333.359,2048,0.690,62496.000,0.157931,2013-03-02 23:23:33,b3058c6f8db678a33f36f6d1ef24b6ac
989,30,2333.359,2048,0.712,29670.000,0.149098,2013-03-02 23:21:28,b3058c6f8db678a33f36f6d1ef2506d3
520,873,2333.359,2048,0.815,453960.000,0.202974,2013-03-02 23:21:21,b3058c6f8db678a33f36f6d1ef250e93
730,79,2333.359,2048,0.693,57670.000,0.158999,2013-03-02 23:19:49,b3058c6f8db678a33f36f6d1ef2550ea
969,336,2333.359,2048,1.086,325584.000,0.7066,2013-03-02 23:19:43,b3058c6f8db678a33f36f6d1ef255bca
1019,919,2333.359,2048,6.457,936461.000,9.40674,2013-03-02 23:18:11,b3058c6f8db678a33f36f6d1ef25bd44
745,927,2333.359,2048,1.079,690615.000,0.227605,2013-03-02 23:16:41,b3058c6f8db678a33f36f6d1ef25e80e
557,954,2333.359,2048,0.816,531378.000,0.214424,2013-03-02 23:16:21,b3058c6f8db678a33f36f6d1ef260228
704,290,2333.359,2048,0.817,204160.000,0.355511,2013-03-02 23:16:13,b3058c6f8db678a33f36f6d1ef260a78
954,332,2333.359,2048,1.086,316728.000,0.725389,2013-03-02 23:15:15,b3058c6f8db678a33f36f6d1ef262d02
778,251,2333.359,2048,0.736,195278.000,0.273003,2013-03-02 23:13:58,b3058c6f8db678a33f36f6d1ef265bf6
99,629,2333.359,2048,0.690,62271.000,0.163542,2013-03-02 23:13:30,b3058c6f8db678a33f36f6d1ef2673fb
230,210,2333.359,2048,0.631,48300.000,0.0555836,2013-03-02 23:13:09,b3058c6f8db678a33f36f6d1ef269723
995,117,2333.359,2048,0.712,116415.000,0.169752,2013-03-02 23:11:53,b3058c6f8db678a33f36f6d1ef26db66
714,819,2333.359,2048,1.111,584766.000,0.210819,2013-03-02 23:11:46,b3058c6f8db678a33f36f6d1ef26e766
848,958,2333.359,2048,1.430,812384.000,0.238846,2013-03-02 23:10:05,b3058c6f8db678a33f36f6d1ef273590
1012,358,2333.359,2048,1.285,362296.000,0.883028,2013-03-02 23:09:00,b3058c6f8db678a33f36f6d1ef277090
99,679,2333.359,2048,0.681,67221.000,0.166827,2013-03-02 23:08:25,b3058c6f8db678a33f36f6d1ef2777c5
809,151,2333.359,2048,0.701,122159.000,0.100955,2013-03-02 23:08:10,b3058c6f8db678a33f36f6d1ef277bc8
753,89,2333.359,2048,0.704,67017.000,0.16154,2013-03-02 23:07:21,b3058c6f8db678a33f36f6d1ef27a4c2
277,980,2333.359,2048,0.785,271460.000,0.195922,2013-03-02 23:07:14,b3058c6f8db678a33f36f6d1ef27af23
753,549,2333.359,2048,2.416,413397.000,2.31073,2013-03-02 23:06:22,b3058c6f8db678a33f36f6d1ef27c773
74,418,2333.359,2048,0.753,30932.000,0.153511,2013-03-02 23:04:51,b3058c6f8db678a33f36f6d1ef27fedf
768,128,2333.359,2048,0.718,98304.000,0.0806971,2013-03-02 23:04:40,b3058c6f8db678a33f36f6d1ef280708
66,678,2333.359,2048,0.681,44748.000,0.162885,2013-03-02 23:04:15,b3058c6f8db678a33f36f6d1ef2823f9
395,240,2333.359,2048,0.651,94800.000,0.127995,2013-03-02 23:02:34,b3058c6f8db678a33f36f6d1ef287a50
224,36,2333.359,2048,0.601,8064.000,0.0016763,2013-03-02 23:01:57,b3058c6f8db678a33f36f6d1ef289a0d
435,112,2333.359,2048,0.656,48720.000,0.163339,2013-03-02 23:00:09,b3058c6f8db678a33f36f6d1ef29016b
413,868,2333.359,2048,0.693,358484.000,0.198678,2013-03-02 22:59:55,b3058c6f8db678a33f36f6d1ef290ee0
671,129,2333.359,2048,0.688,86559.000,0.0613166,2013-03-02 22:59:26,b3058c6f8db678a33f36f6d1ef293d23
712,1012,2333.359,2048,1.114,720544.000,0.235961,2013-03-02 22:59:11,b3058c6f8db678a33f36f6d1ef294a21
399,602,2333.359,2048,0.693,240198.000,0.176059,2013-03-02 22:59:02,b3058c6f8db678a33f36f6d1ef2955ac
205,352,2333.359,2048,0.691,72160.000,0.156293,2013-03-02 22:58:50,b3058c6f8db678a33f36f6d1ef29578d
223,313,2333.359,2048,0.702,69799.000,0.154122,2013-03-02 22:58:34,b3058c6f8db678a33f36f6d1ef2972dd
343,386,2333.359,2048,0.739,132398.000,0.159254,2013-03-02 22:58:28,b3058c6f8db678a33f36f6d1ef297706
750,1002,2333.359,2048,1.079,751500.000,0.234635,2013-03-02 22:58:21,b3058c6f8db678a33f36f6d1ef297bcd
13,1001,2333.359,2048,0.688,13013.000,0.184914,2013-03-02 22:57:36,b3058c6f8db678a33f36f6d1ef299554
593,1001,2333.359,2048,0.873,593593.000,0.225218,2013-03-02 22:56:42,b3058c6f8db678a33f36f6d1ef29d02c
122,90,2333.359,2048,0.632,10980.000,0.00283746,2013-03-02 22:56:04,b3058c6f8db678a33f36f6d1ef29f290
467,473,2333.359,2048,0.798,220891.000,0.170283,2013-03-02 22:55:57,b3058c6f8db678a33f36f6d1ef29ffe3
71,378,2333.359,2048,0.739,26838.000,0.153419,2013-03-02 22:55:50,b3058c6f8db678a33f36f6d1ef2a05a3
799,535,2333.359,2048,2.416,427465.000,2.3103,2013-03-02 22:55:17,b3058c6f8db678a33f36f6d1ef2a32ae
436,598,2333.359,2048,0.693,260728.000,0.178177,2013-03-02 22:55:01,b3058c6f8db678a33f36f6d1ef2a3c0d
100,447,2333.359,2048,0.748,44700.000,0.157193,2013-03-02 22:53:22,b3058c6f8db678a33f36f6d1ef2a6938
906,784,2333.359,2048,4.572,710304.000,5.98393,2013-03-02 22:53:04,b3058c6f8db678a33f36f6d1ef2a7324
739,155,2333.359,2048,0.671,114545.000,0.0960784,2013-03-02 22:51:51,b3058c6f8db678a33f36f6d1ef2aac1d
683,628,2333.359,2048,3.944,428924.000,2.66217,2013-03-02 22:51:37,b3058c6f8db678a33f36f6d1ef2abbc0
79,512,2333.359,2048,0.690,40448.000,0.160393,2013-03-02 22:51:21,b3058c6f8db678a33f36f6d1ef2abe3a
228,731,2333.359,2048,0.683,166668.000,0.178068,2013-03-02 22:51:14,b3058c6f8db678a33f36f6d1ef2acda7
204,419,2333.359,2048,0.753,85476.000,0.158506,2013-03-02 22:50:27,b3058c6f8db678a33f36f6d1ef2af60d
176,917,2333.359,2048,0.685,161392.000,0.189239,2013-03-02 22:50:21,b3058c6f8db678a33f36f6d1ef2af723
334,978,2333.359,2048,0.790,326652.000,0.200811,2013-03-02 22:50:05,b3058c6f8db678a33f36f6d1ef2b0c06
527,438,2333.359,2048,0.909,230826.000,0.854547,2013-03-02 22:49:14,b3058c6f8db678a33f36f6d1ef2b35f3
889,118,2333.359,2048,0.657,104902.000,0.179524,2013-03-02 22:48:46,b3058c6f8db678a33f36f6d1ef2b39a3
716,927,2333.359,2048,1.111,663732.000,0.226158,2013-03-02 22:47:57,b3058c6f8db678a33f36f6d1ef2b4455
978,495,2333.359,2048,3.543,484110.000,2.31459,2013-03-02 22:47:34,b3058c6f8db678a33f36f6d1ef2b4f5d
19,30,2333.359,2048,0.606,570.000,6.96778e-05,2013-03-02 22:46:12,b3058c6f8db678a33f36f6d1ef2b84c2
93,546,2333.359,2048,0.690,50778.000,0.157397,2013-03-02 22:45:37,b3058c6f8db678a33f36f6d1ef2bb896
384,75,2333.359,2048,0.660,28800.000,0.155283,2013-03-02 22:45:07,b3058c6f8db678a33f36f6d1ef2bd497
503,679,2333.359,2048,0.812,341537.000,0.186837,2013-03-02 22:45:01,b3058c6f8db678a33f36f6d1ef2bd4c5
695,131,2333.359,2048,0.684,91045.000,0.0656527,2013-03-02 22:44:01,b3058c6f8db678a33f36f6d1ef2c11e5
774,254,2333.359,2048,0.736,196596.000,0.283775,2013-03-02 22:43:58,b3058c6f8db678a33f36f6d1ef2c1ef7
863,302,2333.359,2048,0.837,260626.000,0.469059,2013-03-02 22:43:47,b3058c6f8db678a33f36f6d1ef2c2212
365,941,2333.359,2048,0.694,343465.000,0.202376,2013-03-02 22:43:06,b3058c6f8db678a33f36f6d1ef2c3cf3
112,785,2333.359,2048,0.683,87920.000,0.17337,2013-03-02 22:41:28,b3058c6f8db678a33f36f6d1ef2c8b5f
1014,411,2333.359,2048,1.457,416754.000,1.34681,2013-03-02 22:41:15,b3058c6f8db678a33f36f6d1ef2c96e4
69,271,2333.359,2048,0.681,18699.000,0.155238,2013-03-02 22:41:01,b3058c6f8db678a33f36f6d1ef2cb03b
278,455,2333.359,2048,0.750,126490.000,0.161878,2013-03-02 22:40:32,b3058c6f8db678a33f36f6d1ef2cb85b
111,167,2333.359,2048,0.646,18537.000,0.147255,2013-03-02 22:38:33,b3058c6f8db678a33f36f6d1ef2d2f0b
325,363,2333.359,2048,0.700,117975.000,0.159966,2013-03-02 22:38:27,b3058c6f8db678a33f36f6d1ef2d3b51
667,177,2333.359,2048,0.819,118059.000,0.112314,2013-03-02 22:37:31,b3058c6f8db678a33f36f6d1ef2d5ee2
416,83,2333.359,2048,0.660,34528.000,0.156842,2013-03-02 22:37:20,b3058c6f8db678a33f36f6d1ef2d67b1
319,250,2333.359,2048,0.651,79750.000,0.113593,2013-03-02 22:37:13,b3058c6f8db678a33f36f6d1ef2d6fe0
41,187,2333.359,2048,0.652,7667.000,0.145618,2013-03-02 22:36:50,b3058c6f8db678a33f36f6d1ef2d8467
297,189,2333.359,2048,0.633,56133.000,0.0577229,2013-03-02 22:36:13,b3058c6f8db678a33f36f6d1ef2db845
830,24,2333.359,2048,0.675,19920.000,0.147796,2013-03-02 22:35:45,b3058c6f8db678a33f36f6d1ef2dd8e6
240,583,2333.359,2048,0.692,139920.000,0.167164,2013-03-02 22:35:39,b3058c6f8db678a33f36f6d1ef2de7e1
822,989,2333.359,2048,1.444,812958.000,0.242603,2013-03-02 22:34:35,b3058c6f8db678a33f36f6d1ef2e44a1
235,233,2333.359,2048,0.643,54755.000,0.0704591,2013-03-02 22:33:45,b3058c6f8db678a33f36f6d1ef2e5402
542,649,2333.359,2048,0.817,351758.000,0.186128,2013-03-02 22:32:20,b3058c6f8db678a33f36f6d1ef2e8629
546,596,2333.359,2048,0.832,325416.000,0.182586,2013-03-02 22:31:47,b3058c6f8db678a33f36f6d1ef2e9f33
586,145,2333.359,2048,0.775,84970.000,0.0670135,2013-03-02 22:31:39,b3058c6f8db678a33f36f6d1ef2ea349
169,827,2333.359,2048,0.684,139763.000,0.179533,2013-03-02 22:31:25,b3058c6f8db678a33f36f6d1ef2eacbc
414,413,2333.359,2048,0.765,170982.000,0.564705,2013-03-02 22:31:18,b3058c6f8db678a33f36f6d1ef2eb320
202,242,2333.359,2048,0.652,48884.000,0.149906,2013-03-02 22:30:36,b3058c6f8db678a33f36f6d1ef2ec6cb
722,630,2333.359,2048,2.479,454860.000,3.02567,2013-03-02 22:29:15,b3058c6f8db678a33f36f6d1ef2f13d9
321,589,2333.359,2048,0.692,189069.000,0.171214,2013-03-02 22:28:55,b3058c6f8db678a33f36f6d1ef2f1a84
187,159,2333.359,2048,0.644,29733.000,0.0257942,2013-03-02 22:28:04,b3058c6f8db678a33f36f6d1ef2f3c77
40,156,2333.359,2048,0.646,6240.000,0.14704,2013-03-02 22:27:54,b3058c6f8db678a33f36f6d1ef2f515d
429,822,2333.359,2048,0.693,352638.000,0.196365,2013-03-02 22:27:41,b3058c6f8db678a33f36f6d1ef2f54ce
229,228,2333.359,2048,0.643,52212.000,0.0671865,2013-03-02 22:26:57,b3058c6f8db678a33f36f6d1ef2f89fc
743,330,2333.359,2048,0.833,245190.000,0.528014,2013-03-02 22:26:14,b3058c6f8db678a33f36f6d1ef2fa70a
939,523,2333.359,2048,3.171,491097.000,2.57243,2013-03-02 22:25:56,b3058c6f8db678a33f36f6d1ef2fafb6
224,539,2333.359,2048,0.692,120736.000,0.16503,2013-03-02 22:25:40,b3058c6f8db678a33f36f6d1ef2fbf49
292,932,2333.359,2048,0.689,272144.000,0.192749,2013-03-02 22:24:28,b3058c6f8db678a33f36f6d1ef2ffea1
443,934,2333.359,2048,0.695,413762.000,0.20448,2013-03-02 22:24:14,b3058c6f8db678a33f36f6d1ef300ac0
983,908,2333.359,2048,6.457,892564.000,8.35454,2013-03-02 22:24:03,b3058c6f8db678a33f36f6d1ef30190b
297,443,2333.359,2048,0.750,131571.000,0.163457,2013-03-02 22:23:23,b3058c6f8db678a33f36f6d1ef30356a
758,417,2333.359,2048,1.016,316086.000,1.06758,2013-03-02 22:21:43,b3058c6f8db678a33f36f6d1ef306c12
56,69,2333.359,2048,0.602,3864.000,0.000967312,2013-03-02 22:21:38,b3058c6f8db678a33f36f6d1ef307724
747,504,2333.359,2048,2.193,376488.000,1.80453,2013-03-02 22:21:03,b3058c6f8db678a33f36f6d1ef3096c6
1019,969,2333.359,2048,5.851,987411.000,10.568,2013-03-02 22:20:51,b3058c6f8db678a33f36f6d1ef30a655
845,657,2333.359,2048,2.735,555165.000,3.84273,2013-03-02 22:18:40,b3058c6f8db678a33f36f6d1ef30e2a7
721,152,2333.359,2048,0.684,109592.000,0.0907417,2013-03-02 22:17:31,b3058c6f8db678a33f36f6d1ef31176c
849,990,2333.359,2048,1.430,840510.000,0.23874,2013-03-02 22:17:26,b3058c6f8db678a33f36f6d1ef311862
301,546,2333.359,2048,0.692,164346.000,0.168594,2013-03-02 22:17:10,b3058c6f8db678a33f36f6d1ef31270d
4,673,2333.359,2048,0.682,2692.000,0.159908,2013-03-02 22:17:03,b3058c6f8db678a33f36f6d1ef3131e1
272,324,2333.359,2048,0.678,88128.000,0.153835,2013-03-02 22:16:42,b3058c6f8db678a33f36f6d1ef314803
985,828,2333.359,2048,6.457,815580.000,6.91375,2013-03-02 22:15:46,b3058c6f8db678a33f36f6d1ef317395
139,466,2333.359,2048,0.697,64774.000,0.156346,2013-03-02 22:15:17,b3058c6f8db678a33f36f6d1ef317d61
272,14,2333.359,2048,0.601,3808.000,0.000418997,2013-03-02 22:15:11,b3058c6f8db678a33f36f6d1ef3186f5
836,204,2333.359,2048,0.712,170544.000,0.184782,2013-03-02 22:14:44,b3058c6f8db678a33f36f6d1ef31b4a1
208,398,2333.359,2048,0.753,82784.000,0.154981,2013-03-02 22:14:32,b3058c6f8db678a33f36f6d1ef31bc41
809,469,2333.359,2048,2.076,379421.000,1.63216,2013-03-02 22:14:02,b3058c6f8db678a33f36f6d1ef31c892
832,177,2333.359,2048,0.693,147264.000,0.138946,2013-03-02 22:13:54,b3058c6f8db678a33f36f6d1ef31c956
215,49,2333.359,2048,0.602,10535.000,0.0020952,2013-03-02 22:13:44,b3058c6f8db678a33f36f6d1ef31c958
341,568,2333.359,2048,0.693,193688.000,0.172571,2013-03-02 22:13:34,b3058c6f8db678a33f36f6d1ef31d93e
187,181,2333.359,2048,0.650,33847.000,0.0335011,2013-03-02 22:12:05,b3058c6f8db678a33f36f6d1ef320fed
1016,336,2333.359,2048,1.004,341376.000,0.745686,2013-03-02 22:11:24,b3058c6f8db678a33f36f6d1ef3235c8
171,499,2333.359,2048,0.690,85329.000,0.160521,2013-03-02 22:10:13,b3058c6f8db678a33f36f6d1ef325b95
114,505,2333.359,2048,0.690,57570.000,0.172555,2013-03-02 22:10:02,b3058c6f8db678a33f36f6d1ef3265f8
752,259,2333.359,2048,0.787,194768.000,0.28997,2013-03-02 22:09:13,b3058c6f8db678a33f36f6d1ef3281ee
158,659,2333.359,2048,0.690,104122.000,0.169444,2013-03-02 22:09:03,b3058c6f8db678a33f36f6d1ef3288aa
30,947,2333.359,2048,0.685,28410.000,0.179557,2013-03-02 22:08:56,b3058c6f8db678a33f36f6d1ef329863
55,68,2333.359,2048,0.602,3740.000,0.000872824,2013-03-02 22:08:36,b3058c6f8db678a33f36f6d1ef32a61c
479,898,2333.359,2048,0.691,430142.000,0.219805,2013-03-02 22:08:09,b3058c6f8db678a33f36f6d1ef32b6cf
275,347,2333.359,2048,0.693,95425.000,0.157329,2013-03-02 22:07:53,b3058c6f8db678a33f36f6d1ef32bbf6
153,388,2333.359,2048,0.739,59364.000,0.155479,2013-03-02 22:06:51,b3058c6f8db678a33f36f6d1ef330069
605,695,2333.359,2048,0.867,420475.000,0.194573,2013-03-02 22:06:45,b3058c6f8db678a33f36f6d1ef331027
720,473,2333.359,2048,1.936,340560.000,1.48737,2013-03-02 22:06:28,b3058c6f8db678a33f36f6d1ef332822
303,668,2333.359,2048,0.685,202404.000,0.187486,2013-03-02 22:06:20,b3058c6f8db678a33f36f6d1ef333445
81,894,2333.359,2048,0.684,72414.000,0.176993,2013-03-02 22:06:11,b3058c6f8db678a33f36f6d1ef3343ad
369,501,2333.359,2048,0.693,184869.000,0.168626,2013-03-02 22:05:59,b3058c6f8db678a33f36f6d1ef33493a
368,877,2333.359,2048,0.693,322736.000,0.196183,2013-03-02 22:05:52,b3058c6f8db678a33f36f6d1ef33555c
637,837,2333.359,2048,1.072,533169.000,0.207054,2013-03-02 22:05:35,b3058c6f8db678a33f36f6d1ef3366c7
542,879,2333.359,2048,0.815,476418.000,0.20455,2013-03-02 22:05:27,b3058c6f8db678a33f36f6d1ef336ca8
812,411,2333.359,2048,1.077,333732.000,1.09876,2013-03-02 22:05:19,b3058c6f8db678a33f36f6d1ef337bba
1007,342,2333.359,2048,1.075,344394.000,0.801291,2013-03-02 22:05:14,b3058c6f8db678a33f36f6d1ef338073
713,801,2333.359,2048,1.111,571113.000,0.208008,2013-03-02 22:04:46,b3058c6f8db678a33f36f6d1ef338ed9
303,148,2333.359,2048,0.627,44844.000,0.0367116,2013-03-02 22:03:03,b3058c6f8db678a33f36f6d1ef33b4fc
859,939,2333.359,2048,1.680,806601.000,0.239295,2013-03-02 22:02:14,b3058c6f8db678a33f36f6d1ef33e1a2
480,427,2333.359,2048,0.905,204960.000,0.727855,2013-03-02 22:01:48,b3058c6f8db678a33f36f6d1ef33f533
618,991,2333.359,2048,0.872,612438.000,0.235989,2013-03-02 22:01:24,b3058c6f8db678a33f36f6d1ef33fa8e
298,326,2333.359,2048,0.688,97148.000,0.156454,2013-03-02 21:59:43,b3058c6f8db678a33f36f6d1ef343c11
55,187,2333.359,2048,0.652,10285.000,0.147509,2013-03-02 21:59:05,b3058c6f8db678a33f36f6d1ef3458e9
345,157,2333.359,2048,0.629,54165.000,0.0465171,2013-03-02 21:58:50,b3058c6f8db678a33f36f6d1ef345f49
280,452,2333.359,2048,0.750,126560.000,0.162381,2013-03-02 21:58:44,b3058c6f8db678a33f36f6d1ef346979
234,782,2333.359,2048,0.683,182988.000,0.179132,2013-03-02 21:58:33,b3058c6f8db678a33f36f6d1ef346ac4
196,145,2333.359,2048,0.636,28420.000,0.0232395,2013-03-02 21:57:41,b3058c6f8db678a33f36f6d1ef34b160
961,454,2333.359,2048,1.546,436294.000,1.7444,2013-03-02 21:57:39,b3058c6f8db678a33f36f6d1ef34be74
658,77,2333.359,2048,0.821,50666.000,0.160158,2013-03-02 21:57:31,b3058c6f8db678a33f36f6d1ef34c0ce
642,553,2333.359,2048,1.663,355026.000,1.99471,2013-03-02 21:57:24,b3058c6f8db678a33f36f6d1ef34cf1a
1008,901,2333.359,2048,6.457,908208.000,8.95171,2013-03-02 21:56:45,b3058c6f8db678a33f36f6d1ef34f1bc
441,544,2333.359,2048,0.693,239904.000,0.171624,2013-03-02 21:55:47,b3058c6f8db678a33f36f6d1ef351b55
333,708,2333.359,2048,0.690,235764.000,0.177551,2013-03-02 21:54:46,b3058c6f8db678a33f36f6d1ef35565d
526,8,2333.359,2048,0.756,4208.000,0.000751495,2013-03-02 21:54:24,b3058c6f8db678a33f36f6d1ef35817f
524,617,2333.359,2048,0.817,323308.000,0.181193,2013-03-02 21:54:16,b3058c6f8db678a33f36f6d1ef35870f
366,704,2333.359,2048,0.690,257664.000,0.17922,2013-03-02 21:53:10,b3058c6f8db678a33f36f6d1ef35afc0
153,35,2333.359,2048,0.601,5355.000,0.00132201,2013-03-02 21:53:03,b3058c6f8db678a33f36f6d1ef35b16c
614,863,2333.359,2048,0.869,529882.000,0.210639,2013-03-02 21:52:55,b3058c6f8db678a33f36f6d1ef35cfac
666,224,2333.359,2048,0.841,149184.000,0.186158,2013-03-02 21:52:47,b3058c6f8db678a33f36f6d1ef35d139
537,753,2333.359,2048,0.813,404361.000,0.194364,2013-03-02 21:52:24,b3058c6f8db678a33f36f6d1ef35f226
838,889,2333.359,2048,2.063,744982.000,0.228775,2013-03-02 21:52:17,b3058c6f8db678a33f36f6d1ef35fa2c
706,296,2333.359,2048,0.817,208976.000,0.377104,2013-03-02 21:52:08,b3058c6f8db678a33f36f6d1ef36076c
644,496,2333.359,2048,1.663,319424.000,1.50735,2013-03-02 21:51:40,b3058c6f8db678a33f36f6d1ef361a24
94,1007,2333.359,2048,0.687,94658.000,0.189442,2013-03-02 21:51:33,b3058c6f8db678a33f36f6d1ef3620ac
284,769,2333.359,2048,0.687,218396.000,0.181957,2013-03-02 21:51:18,b3058c6f8db678a33f36f6d1ef36385a
989,151,2333.359,2048,0.712,149339.000,0.121475,2013-03-02 21:50:15,b3058c6f8db678a33f36f6d1ef364c89
180,124,2333.359,2048,0.621,22320.000,0.016433,2013-03-02 21:50:10,b3058c6f8db678a33f36f6d1ef364dc5
668,744,2333.359,2048,1.338,496992.000,0.200884,2013-03-02 21:48:29,b3058c6f8db678a33f36f6d1ef3689b6
142,855,2333.359,2048,0.684,121410.000,0.255159,2013-03-02 21:47:27,b3058c6f8db678a33f36f6d1ef36ab83
38,919,2333.359,2048,0.685,34922.000,0.211244,2013-03-02 21:47:14,b3058c6f8db678a33f36f6d1ef36b16f
719,520,2333.359,2048,2.356,373880.000,1.87449,2013-03-02 21:46:19,b3058c6f8db678a33f36f6d1ef36da11
630,919,2333.359,2048,1.072,578970.000,0.218183,2013-03-02 21:45:49,b3058c6f8db678a33f36f6d1ef36f8c8
600,910,2333.359,2048,0.869,546000.000,0.213821,2013-03-02 21:44:40,b3058c6f8db678a33f36f6d1ef371af3
832,275,2333.359,2048,0.843,228800.000,0.360069,2013-03-02 21:44:02,b3058c6f8db678a33f36f6d1ef373000
531,802,2333.359,2048,0.815,425862.000,0.199173,2013-03-02 21:43:35,b3058c6f8db678a33f36f6d1ef3748cb
463,631,2333.359,2048,0.696,292153.000,0.179841,2013-03-02 21:42:44,b3058c6f8db678a33f36f6d1ef3755f3
984,887,2333.359,2048,6.457,872808.000,8.46405,2013-03-02 21:42:37,b3058c6f8db678a33f36f6d1ef37603b
