cpu_mhz,width,size,c#time,m#datetime,m#id,m#Earth Learner
2527.049,589,346921.000,90.97306823730,2013-05-20 05:27:53,2683fcdac236c4cb7dca587e5f9112f7,90.981
2527.049,579,335241.000,91.25196838379,2013-05-20 04:08:14,2683fcdac236c4cb7dca587e5f91928a,90.981
2527.049,237,56169.000,90.82569122314,2013-05-20 03:43:40,2683fcdac236c4cb7dca587e5f91b454,90.981
2527.049,533,284089.000,90.62638854980,2013-05-20 03:19:17,2683fcdac236c4cb7dca587e5f91cbf6,90.981
2527.049,419,175561.000,90.71824645996,2013-05-20 03:13:11,2683fcdac236c4cb7dca587e5f91cf95,90.981
2527.049,997,994009.000,90.69157409668,2013-05-20 02:42:42,2683fcdac236c4cb7dca587e5f91f345,90.981
2527.049,443,196249.000,90.91569519043,2013-05-20 01:53:16,2683fcdac236c4cb7dca587e5f922f61,90.981
2527.049,162,26244.000,90.97774505615,2013-05-20 01:47:10,2683fcdac236c4cb7dca587e5f9239a3,90.981
2527.049,361,130321.000,90.75468444824,2013-05-20 01:28:50,2683fcdac236c4cb7dca587e5f92553a,90.981
2527.049,743,552049.000,90.73616027832,2013-05-20 01:10:32,2683fcdac236c4cb7dca587e5f9272cf,90.981
2527.049,942,887364.000,90.90486907959,2013-05-20 00:58:20,2683fcdac236c4cb7dca587e5f9287ff,90.981
2527.049,384,147456.000,90.81408691406,2013-05-20 00:46:08,2683fcdac236c4cb7dca587e5f9292ff,90.981
2527.049,406,164836.000,90.81134033203,2013-05-20 00:33:57,2683fcdac236c4cb7dca587e5f92a276,90.981
2527.049,382,145924.000,90.97015380859,2013-05-20 00:15:38,2683fcdac236c4cb7dca587e5f92cc30,90.981
2527.049,231,53361.000,91.06518554688,2013-05-19 23:32:37,2683fcdac236c4cb7dca587e5f92f604,90.981
2527.049,96,9216.000,90.84343719482,2013-05-19 22:49:51,2683fcdac236c4cb7dca587e5f931c2c,90.981
2527.049,219,47961.000,90.93122863770,2013-05-19 22:25:23,2683fcdac236c4cb7dca587e5f933cce,90.981
2527.049,582,338724.000,91.03285217285,2013-05-19 22:12:56,2683fcdac236c4cb7dca587e5f93478e,90.981
2527.049,714,509796.000,91.13584899902,2013-05-19 22:06:49,2683fcdac236c4cb7dca587e5f934f04,90.981
2527.049,305,93025.000,90.98443603516,2013-05-19 21:29:54,2683fcdac236c4cb7dca587e5f93899e,90.981
2527.049,320,102400.000,91.43177795410,2013-05-19 21:23:46,2683fcdac236c4cb7dca587e5f939485,90.981
1795.672,128,16384.000,3.13664650917,2013-05-19 19:03:43,b9b6932f0591d0a9c295b33651d1412c,18.005
2333.359,741,549081.000,79.64337158203,2013-05-20 19:08:49,ba57782fbb9aa5ce051d0f40adbf9ab7,80.075
2333.359,396,156816.000,79.83457183838,2013-05-20 18:36:25,ba57782fbb9aa5ce051d0f40adbfd256,80.075
2333.359,975,950625.000,79.66167449951,2013-05-20 18:04:10,ba57782fbb9aa5ce051d0f40adc00ff3,80.075
2333.359,331,109561.000,79.72687530518,2013-05-20 17:53:29,ba57782fbb9aa5ce051d0f40adc01786,80.075
2333.359,1024,1048576.000,79.85906219482,2013-05-20 17:26:44,ba57782fbb9aa5ce051d0f40adc04a0b,80.075
2333.359,1021,1042441.000,79.70702362061,2013-05-20 16:54:08,ba57782fbb9aa5ce051d0f40adc078f9,80.075
2333.359,1002,1004004.000,79.70578765869,2013-05-20 16:38:01,ba57782fbb9aa5ce051d0f40adc09807,80.075
2333.359,720,518400.000,79.79743194580,2013-05-20 16:05:44,ba57782fbb9aa5ce051d0f40adc0be09,80.075
2333.359,976,952576.000,79.65467071533,2013-05-20 16:00:23,ba57782fbb9aa5ce051d0f40adc0c5d3,80.075
2333.359,1001,1002001.000,79.76221466064,2013-05-20 15:28:09,ba57782fbb9aa5ce051d0f40adc0fabc,80.075
2333.359,803,644809.000,79.60591888428,2013-05-20 15:17:27,ba57782fbb9aa5ce051d0f40adc10f18,80.075
2333.359,487,237169.000,79.76608276367,2013-05-20 14:39:49,ba57782fbb9aa5ce051d0f40adc14483,80.075
2333.359,724,524176.000,79.70974731445,2013-05-20 14:34:29,ba57782fbb9aa5ce051d0f40adc14776,80.075
2333.359,691,477481.000,79.75490570068,2013-05-20 14:02:06,ba57782fbb9aa5ce051d0f40adc16e3e,80.075
2333.359,438,191844.000,79.84966278076,2013-05-20 13:56:45,ba57782fbb9aa5ce051d0f40adc179ea,80.075
2333.359,897,804609.000,79.86590576172,2013-05-20 13:51:19,ba57782fbb9aa5ce051d0f40adc1861d,80.075
2333.359,641,410881.000,79.82496643066,2013-05-20 13:02:35,ba57782fbb9aa5ce051d0f40adc1b852,80.075
2333.359,879,772641.000,79.62962341309,2013-05-20 12:57:14,ba57782fbb9aa5ce051d0f40adc1c433,80.075
2333.359,537,288369.000,79.58032226562,2013-05-20 12:46:27,ba57782fbb9aa5ce051d0f40adc1d54c,80.075
2333.359,900,810000.000,79.77964019775,2013-05-20 12:19:44,ba57782fbb9aa5ce051d0f40adc1f16e,80.075
2333.359,527,277729.000,79.75037384033,2013-05-20 11:41:59,ba57782fbb9aa5ce051d0f40adc22d30,80.075
2333.359,313,97969.000,79.62346649170,2013-05-20 11:36:38,ba57782fbb9aa5ce051d0f40adc23a15,80.075
2333.359,255,65025.000,79.66200256348,2013-05-20 11:20:36,ba57782fbb9aa5ce051d0f40adc25910,80.075
2333.359,369,136161.000,79.64260101318,2013-05-20 11:09:55,ba57782fbb9aa5ce051d0f40adc26f69,80.075
2333.359,865,748225.000,79.61516571045,2013-05-20 11:04:30,ba57782fbb9aa5ce051d0f40adc27345,80.075
2333.359,896,802816.000,79.62696075439,2013-05-20 10:32:27,ba57782fbb9aa5ce051d0f40adc29982,80.075
2333.359,237,56169.000,79.64083862305,2013-05-20 10:05:39,ba57782fbb9aa5ce051d0f40adc2c5f2,80.075
2333.359,112,12544.000,79.64471435547,2013-05-20 09:38:42,ba57782fbb9aa5ce051d0f40adc2eb81,80.075
2333.359,181,32761.000,79.75685119629,2013-05-20 09:22:40,ba57782fbb9aa5ce051d0f40adc2fab1,80.075
2333.359,1021,1042441.000,79.76939392090,2013-05-20 09:17:19,ba57782fbb9aa5ce051d0f40adc30778,80.075
2333.359,960,921600.000,79.74916839600,2013-05-20 09:11:58,ba57782fbb9aa5ce051d0f40adc31693,80.075
2333.359,855,731025.000,79.66236114502,2013-05-20 09:01:12,ba57782fbb9aa5ce051d0f40adc328fa,80.075
2333.359,647,418609.000,79.71805572510,2013-05-20 08:55:50,ba57782fbb9aa5ce051d0f40adc3350b,80.075
2333.359,845,714025.000,79.75062561035,2013-05-20 08:45:00,ba57782fbb9aa5ce051d0f40adc3450f,80.075
2333.359,401,160801.000,79.69751739502,2013-05-20 08:39:39,ba57782fbb9aa5ce051d0f40adc3526e,80.075
2333.359,555,308025.000,79.62062835693,2013-05-20 08:28:57,ba57782fbb9aa5ce051d0f40adc3656b,80.075
2333.359,230,52900.000,79.68397521973,2013-05-20 08:23:37,ba57782fbb9aa5ce051d0f40adc36a19,80.075
2333.359,928,861184.000,79.63224792480,2013-05-20 08:07:34,ba57782fbb9aa5ce051d0f40adc38641,80.075
2333.359,876,767376.000,79.66363525391,2013-05-20 07:45:59,ba57782fbb9aa5ce051d0f40adc39f0c,80.075
2333.359,521,271441.000,79.70184326172,2013-05-20 07:40:38,ba57782fbb9aa5ce051d0f40adc3ac3d,80.075
2333.359,763,582169.000,79.67278289795,2013-05-20 07:35:17,ba57782fbb9aa5ce051d0f40adc3b022,80.075
2333.359,407,165649.000,79.63082885742,2013-05-20 07:08:33,ba57782fbb9aa5ce051d0f40adc3dcfc,80.075
2333.359,468,219024.000,79.61562347412,2013-05-20 07:03:13,ba57782fbb9aa5ce051d0f40adc3e5a2,80.075
2333.359,799,638401.000,79.71642303467,2013-05-20 06:52:31,ba57782fbb9aa5ce051d0f40adc3f4c5,80.075
2333.359,268,71824.000,79.69797515869,2013-05-20 06:47:10,ba57782fbb9aa5ce051d0f40adc3f5b7,80.075
2333.359,236,55696.000,79.67058563232,2013-05-20 06:15:00,ba57782fbb9aa5ce051d0f40adc42e90,80.075
2333.359,528,278784.000,79.74267578125,2013-05-20 05:53:22,ba57782fbb9aa5ce051d0f40adc44e2d,80.075
2333.359,758,574564.000,79.70748138428,2013-05-20 05:42:40,ba57782fbb9aa5ce051d0f40adc46400,80.075
2333.359,1023,1046529.000,79.60469055176,2013-05-20 05:37:19,ba57782fbb9aa5ce051d0f40adc47166,80.075
2333.359,338,114244.000,79.61660766602,2013-05-20 05:26:18,ba57782fbb9aa5ce051d0f40adc47cea,80.075
2333.359,1007,1014049.000,79.59525299072,2013-05-20 05:20:57,ba57782fbb9aa5ce051d0f40adc487de,80.075
2333.359,617,380689.000,79.64284515381,2013-05-20 05:15:37,ba57782fbb9aa5ce051d0f40adc496c8,80.075
2333.359,683,466489.000,79.65976715088,2013-05-20 04:27:10,ba57782fbb9aa5ce051d0f40adc4c510,80.075
2333.359,202,40804.000,82.48049926758,2013-05-20 04:21:49,ba57782fbb9aa5ce051d0f40adc4c89d,80.075
2333.359,612,374544.000,79.69645690918,2013-05-20 04:05:35,ba57782fbb9aa5ce051d0f40adc4ddfb,80.075
2333.359,977,954529.000,79.68827819824,2013-05-20 03:33:31,ba57782fbb9aa5ce051d0f40adc503d2,80.075
2333.359,663,439569.000,79.74065399170,2013-05-20 03:17:19,ba57782fbb9aa5ce051d0f40adc51aa7,80.075
2333.359,483,233289.000,79.73827362061,2013-05-20 03:01:17,ba57782fbb9aa5ce051d0f40adc52c51,80.075
2333.359,342,116964.000,79.64115905762,2013-05-20 02:44:59,ba57782fbb9aa5ce051d0f40adc54e48,80.075
2333.359,771,594441.000,79.71181488037,2013-05-20 02:28:57,ba57782fbb9aa5ce051d0f40adc565f8,80.075
2333.359,114,12996.000,79.73887634277,2013-05-20 02:18:15,ba57782fbb9aa5ce051d0f40adc57331,80.075
2333.359,1006,1012036.000,79.64155578613,2013-05-20 02:07:34,ba57782fbb9aa5ce051d0f40adc58940,80.075
2333.359,495,245025.000,79.63763427734,2013-05-20 02:02:13,ba57782fbb9aa5ce051d0f40adc58df7,80.075
2333.359,596,355216.000,79.60816192627,2013-05-20 01:45:57,ba57782fbb9aa5ce051d0f40adc5ab33,80.075
2333.359,659,434281.000,79.64294433594,2013-05-20 01:24:30,ba57782fbb9aa5ce051d0f40adc5c4b3,80.075
2333.359,424,179776.000,79.74550628662,2013-05-20 00:57:41,ba57782fbb9aa5ce051d0f40adc5f2da,80.075
2333.359,166,27556.000,83.37255859375,2013-05-20 00:52:20,ba57782fbb9aa5ce051d0f40adc5f8b5,80.075
2333.359,919,844561.000,79.66289520264,2013-05-20 00:41:19,ba57782fbb9aa5ce051d0f40adc60e25,80.075
2333.359,693,480249.000,79.71555328369,2013-05-20 00:25:01,ba57782fbb9aa5ce051d0f40adc62dc5,80.075
2333.359,334,111556.000,79.74905395508,2013-05-19 23:47:31,ba57782fbb9aa5ce051d0f40adc651e5,80.075
2333.359,381,145161.000,79.70347595215,2013-05-19 23:31:28,ba57782fbb9aa5ce051d0f40adc65f98,80.075
2333.359,731,534361.000,79.71637725830,2013-05-19 23:15:26,ba57782fbb9aa5ce051d0f40adc67690,80.075
2333.359,152,23104.000,82.90927886963,2013-05-19 22:27:19,ba57782fbb9aa5ce051d0f40adc6a3bc,80.075
2333.359,1022,1044484.000,79.66871643066,2013-05-19 22:11:02,ba57782fbb9aa5ce051d0f40adc6ba5f,80.075
2333.359,615,378225.000,79.72708892822,2013-05-19 21:22:06,ba57782fbb9aa5ce051d0f40adc701b3,80.075
2333.359,730,532900.000,79.69997406006,2013-05-19 21:11:24,ba57782fbb9aa5ce051d0f40adc7115d,80.075
1795.672,970,940900.000,31.86656379700,2013-05-20 19:13:51,eeb111102a203f07eb3dbbe8e380287e,18.005
1795.672,303,91809.000,32.09514236450,2013-05-20 19:11:30,eeb111102a203f07eb3dbbe8e3802f1b,18.005
1795.672,96,9216.000,32.99617767334,2013-05-20 19:01:49,eeb111102a203f07eb3dbbe8e38064f8,18.005
1795.672,347,120409.000,2.98256158829,2013-05-20 18:59:47,eeb111102a203f07eb3dbbe8e3807181,18.005
1795.672,573,328329.000,3.23510575294,2013-05-20 18:51:44,eeb111102a203f07eb3dbbe8e38099e5,18.005
1795.672,26,676.000,32.08480072021,2013-05-20 18:48:51,eeb111102a203f07eb3dbbe8e3809f7b,18.005
1795.672,834,695556.000,32.55886077881,2013-05-20 18:46:31,eeb111102a203f07eb3dbbe8e380a891,18.005
1795.672,598,357604.000,32.10379028320,2013-05-20 18:36:50,eeb111102a203f07eb3dbbe8e380e08c,18.005
1795.672,427,182329.000,32.09266662598,2013-05-20 18:33:16,eeb111102a203f07eb3dbbe8e380f21b,18.005
1795.672,776,602176.000,32.06232833862,2013-05-20 18:28:36,eeb111102a203f07eb3dbbe8e381001b,18.005
1795.672,577,332929.000,2.96855330467,2013-05-20 18:24:46,eeb111102a203f07eb3dbbe8e38110da,18.005
1795.672,52,2704.000,31.88597869873,2013-05-20 18:18:53,eeb111102a203f07eb3dbbe8e381241c,18.005
1795.672,729,531441.000,2.97279548645,2013-05-20 18:07:18,eeb111102a203f07eb3dbbe8e381507b,18.005
1795.672,255,65025.000,3.15788698196,2013-05-20 17:59:28,eeb111102a203f07eb3dbbe8e3817bb5,18.005
1795.672,266,70756.000,32.08740615845,2013-05-20 17:56:39,eeb111102a203f07eb3dbbe8e3818dc3,18.005
1795.672,978,956484.000,31.96962165833,2013-05-20 17:49:10,eeb111102a203f07eb3dbbe8e381aceb,18.005
1795.672,158,24964.000,32.11991500854,2013-05-20 17:39:30,eeb111102a203f07eb3dbbe8e381e139,18.005
1795.672,915,837225.000,32.33410263062,2013-05-20 17:37:10,eeb111102a203f07eb3dbbe8e381e18b,34.744
1795.672,1015,1030225.000,32.07201385498,2013-05-20 17:22:20,eeb111102a203f07eb3dbbe8e3821c56,13.673
1795.672,866,749956.000,32.32980346680,2013-05-20 17:19:59,eeb111102a203f07eb3dbbe8e3821d29,18.005
1795.672,496,246016.000,18.87906074524,2013-05-20 17:14:40,eeb111102a203f07eb3dbbe8e3823b95,18.005
1795.672,1022,1044484.000,32.00759124756,2013-05-20 17:12:32,eeb111102a203f07eb3dbbe8e3823cf1,2.346
1795.672,520,270400.000,32.04489135742,2013-05-20 17:10:12,eeb111102a203f07eb3dbbe8e3824496,18.005
1795.672,765,585225.000,32.02924346924,2013-05-20 17:07:51,eeb111102a203f07eb3dbbe8e3825124,18.005
1795.672,713,508369.000,2.97759079933,2013-05-20 17:06:03,eeb111102a203f07eb3dbbe8e382610b,18.005
1795.672,508,258064.000,3.14717292786,2013-05-20 16:58:07,eeb111102a203f07eb3dbbe8e38272eb,18.005
1795.672,140,19600.000,6.57313489914,2013-05-20 16:57:11,eeb111102a203f07eb3dbbe8e3827b64,18.005
1795.672,996,992016.000,32.30937194824,2013-05-20 16:55:17,eeb111102a203f07eb3dbbe8e3827edf,18.005
1795.672,123,15129.000,32.95841979980,2013-05-20 16:52:55,eeb111102a203f07eb3dbbe8e3828bf2,18.005
1795.672,854,729316.000,33.09080123901,2013-05-20 16:50:31,eeb111102a203f07eb3dbbe8e3829a48,18.005
1795.672,210,44100.000,32.11528396606,2013-05-20 16:35:41,eeb111102a203f07eb3dbbe8e382c780,18.005
1795.672,969,938961.000,16.26713943481,2013-05-20 16:23:40,eeb111102a203f07eb3dbbe8e382ee3f,18.005
1795.672,528,278784.000,2.95425224304,2013-05-20 16:22:15,eeb111102a203f07eb3dbbe8e382f3ad,18.005
1795.672,342,116964.000,3.14281749725,2013-05-20 16:13:58,eeb111102a203f07eb3dbbe8e38321ea,18.005
1795.672,40,1600.000,18.15995597839,2013-05-20 16:13:25,eeb111102a203f07eb3dbbe8e383254a,18.005
1795.672,505,255025.000,32.27809143066,2013-05-20 16:11:18,eeb111102a203f07eb3dbbe8e3833502,18.005
1795.672,906,820836.000,2.95522546768,2013-05-20 16:04:47,eeb111102a203f07eb3dbbe8e3834cfc,35.164
1795.672,953,908209.000,32.15635299683,2013-05-20 15:49:02,eeb111102a203f07eb3dbbe8e383862f,18.005
1795.672,514,264196.000,31.97748756409,2013-05-20 15:43:59,eeb111102a203f07eb3dbbe8e3839fc6,18.005
1795.672,496,246016.000,32.08891296387,2013-05-20 15:36:24,eeb111102a203f07eb3dbbe8e383b5a4,18.005
1795.672,233,54289.000,32.33937835693,2013-05-20 15:34:04,eeb111102a203f07eb3dbbe8e383c324,18.005
1795.672,573,328329.000,3.15372490883,2013-05-20 15:21:58,eeb111102a203f07eb3dbbe8e383fe40,18.005
1795.672,1024,1048576.000,32.00488662720,2013-05-20 15:18:24,eeb111102a203f07eb3dbbe8e3840a23,-1.205
1795.672,764,583696.000,19.43640518188,2013-05-20 15:13:44,eeb111102a203f07eb3dbbe8e3841469,18.005
1795.672,1013,1026169.000,31.75990104675,2013-05-20 15:08:42,eeb111102a203f07eb3dbbe8e38434f7,16.596
1795.672,36,1296.000,32.22186279297,2013-05-20 14:58:59,eeb111102a203f07eb3dbbe8e3844d66,18.005
1795.672,960,921600.000,2.96886253357,2013-05-20 14:54:48,eeb111102a203f07eb3dbbe8e3845c73,18.005
1795.672,850,722500.000,32.39961624146,2013-05-20 14:53:57,eeb111102a203f07eb3dbbe8e3846b53,18.005
1795.672,509,259081.000,2.98359346390,2013-05-20 14:37:19,eeb111102a203f07eb3dbbe8e384a72d,18.005
1795.672,769,591361.000,32.64979171753,2013-05-20 14:31:55,eeb111102a203f07eb3dbbe8e384bade,18.005
1795.672,968,937024.000,3.14973187447,2013-05-20 14:29:32,eeb111102a203f07eb3dbbe8e384c9b6,18.005
1795.672,711,505521.000,32.20599365234,2013-05-20 14:25:56,eeb111102a203f07eb3dbbe8e384e6ac,18.005
1795.672,949,900601.000,3.15718817711,2013-05-20 14:11:30,eeb111102a203f07eb3dbbe8e38517d7,18.005
1795.672,1015,1030225.000,17.48583793640,2013-05-20 14:10:55,eeb111102a203f07eb3dbbe8e38520e5,13.673
1795.672,366,133956.000,32.31799316406,2013-05-20 14:08:49,eeb111102a203f07eb3dbbe8e3852c35,18.005
1795.672,501,251001.000,2.98101425171,2013-05-20 14:02:16,eeb111102a203f07eb3dbbe8e3854ae1,18.005
1795.672,405,164025.000,2.96292591095,2013-05-20 13:53:30,eeb111102a203f07eb3dbbe8e3857f70,18.005
1795.672,509,259081.000,32.28241729736,2013-05-20 13:47:47,eeb111102a203f07eb3dbbe8e3858ed6,18.005
1795.672,252,63504.000,4.37117242813,2013-05-20 13:36:27,eeb111102a203f07eb3dbbe8e385cced,18.005
1795.672,208,43264.000,31.00538063049,2013-05-20 13:29:50,eeb111102a203f07eb3dbbe8e385e3c4,18.005
1795.672,610,372100.000,2.98912906647,2013-05-20 13:28:10,eeb111102a203f07eb3dbbe8e385f315,18.005
1795.672,685,469225.000,32.17790222168,2013-05-20 13:24:56,eeb111102a203f07eb3dbbe8e3860097,18.005
1795.672,842,708964.000,32.12638473511,2013-05-20 13:14:06,eeb111102a203f07eb3dbbe8e386250c,18.005
1795.672,886,784996.000,32.48818206787,2013-05-20 13:04:21,eeb111102a203f07eb3dbbe8e386515f,18.005
1795.672,1013,1026169.000,2.99141645432,2013-05-20 13:02:18,eeb111102a203f07eb3dbbe8e3866c53,16.596
1795.672,468,219024.000,32.15832519531,2013-05-20 12:55:48,eeb111102a203f07eb3dbbe8e3868640,18.005
1795.672,645,416025.000,32.69610595703,2013-05-20 12:48:34,eeb111102a203f07eb3dbbe8e386a641,18.005
1795.672,655,429025.000,32.33976364136,2013-05-20 12:43:30,eeb111102a203f07eb3dbbe8e386c81f,18.005
1795.672,748,559504.000,33.52595901489,2013-05-20 12:41:10,eeb111102a203f07eb3dbbe8e386cf30,18.005
1795.672,522,272484.000,33.01235198975,2013-05-20 12:33:40,eeb111102a203f07eb3dbbe8e386dfd5,18.005
1795.672,699,488601.000,33.77124786377,2013-05-20 12:22:38,eeb111102a203f07eb3dbbe8e3870bf0,18.005
1795.672,1014,1028196.000,33.00664901733,2013-05-20 12:16:25,eeb111102a203f07eb3dbbe8e38727b0,15.152
1795.672,801,641601.000,14.27619266510,2013-05-20 12:14:00,eeb111102a203f07eb3dbbe8e3872ed5,18.005
1795.672,396,156816.000,16.58708763123,2013-05-20 12:12:35,eeb111102a203f07eb3dbbe8e3873984,18.005
1795.672,36,1296.000,33.33925247192,2013-05-20 12:10:27,eeb111102a203f07eb3dbbe8e3873c92,18.005
1795.672,316,99856.000,33.34893798828,2013-05-20 12:02:01,eeb111102a203f07eb3dbbe8e3875df0,18.005
1795.672,415,172225.000,33.13796997070,2013-05-20 11:51:12,eeb111102a203f07eb3dbbe8e3879149,18.005
1795.672,298,88804.000,33.06719970703,2013-05-20 11:47:36,eeb111102a203f07eb3dbbe8e387980c,18.005
1795.672,760,577600.000,32.33339691162,2013-05-20 11:37:05,eeb111102a203f07eb3dbbe8e387b6b7,18.005
1795.672,467,218089.000,32.11315536499,2013-05-20 11:29:01,eeb111102a203f07eb3dbbe8e387d12c,18.005
1795.672,557,310249.000,32.23945236206,2013-05-20 11:15:18,eeb111102a203f07eb3dbbe8e387ecdb,18.005
1795.672,811,657721.000,32.31649398804,2013-05-20 11:04:55,eeb111102a203f07eb3dbbe8e3880f65,18.005
1795.672,1009,1018081.000,32.21196365356,2013-05-20 11:02:34,eeb111102a203f07eb3dbbe8e38817bf,18.005
1795.672,914,835396.000,32.20921707153,2013-05-20 10:54:32,eeb111102a203f07eb3dbbe8e3883895,35.239
1795.672,732,535824.000,3.14046812057,2013-05-20 10:52:11,eeb111102a203f07eb3dbbe8e3884591,18.005
1795.672,392,153664.000,32.22402954102,2013-05-20 10:47:55,eeb111102a203f07eb3dbbe8e3885a57,18.005
1795.672,706,498436.000,32.36840057373,2013-05-20 10:40:13,eeb111102a203f07eb3dbbe8e3886b15,18.005
1795.672,255,65025.000,20.05278205872,2013-05-20 10:37:51,eeb111102a203f07eb3dbbe8e3886f7d,18.005
1795.672,999,998001.000,32.21834564209,2013-05-20 10:34:51,eeb111102a203f07eb3dbbe8e3887904,18.005
1795.672,921,848241.000,22.01145172119,2013-05-20 10:30:10,eeb111102a203f07eb3dbbe8e38889cd,29.407
1795.672,679,461041.000,2.99189066887,2013-05-20 10:28:37,eeb111102a203f07eb3dbbe8e3889674,18.005
1795.672,41,1681.000,21.61160850525,2013-05-20 10:22:28,eeb111102a203f07eb3dbbe8e388b3a6,18.005
1795.672,417,173889.000,32.25979614258,2013-05-20 10:11:45,eeb111102a203f07eb3dbbe8e388dd08,18.005
1795.672,963,927369.000,21.87772941589,2013-05-20 10:07:04,eeb111102a203f07eb3dbbe8e388f5c7,18.005
1795.672,898,806404.000,32.23160171509,2013-05-20 10:03:58,eeb111102a203f07eb3dbbe8e3890a0c,27.989
1795.672,1009,1018081.000,32.32138061523,2013-05-20 09:53:53,eeb111102a203f07eb3dbbe8e3892922,18.005
1795.672,340,115600.000,32.33892440796,2013-05-20 09:37:31,eeb111102a203f07eb3dbbe8e389707d,18.005
1795.672,139,19321.000,3.14013290405,2013-05-20 09:35:10,eeb111102a203f07eb3dbbe8e38976d7,18.005
1795.672,950,902500.000,32.38388824463,2013-05-20 09:18:12,eeb111102a203f07eb3dbbe8e389a85e,18.005
1795.672,181,32761.000,32.29581832886,2013-05-20 09:08:26,eeb111102a203f07eb3dbbe8e389c6b3,18.005
1795.672,868,753424.000,2.97268223763,2013-05-20 09:04:37,eeb111102a203f07eb3dbbe8e389ddae,18.005
1795.672,748,559504.000,32.38721847534,2013-05-20 08:53:42,eeb111102a203f07eb3dbbe8e38a01c8,18.005
1795.672,776,602176.000,32.97565460205,2013-05-20 08:46:15,eeb111102a203f07eb3dbbe8e38a1cc7,18.005
1795.672,119,14161.000,2.97805404663,2013-05-20 08:42:34,eeb111102a203f07eb3dbbe8e38a23f8,18.005
1795.672,952,906304.000,33.28576660156,2013-05-20 08:33:51,eeb111102a203f07eb3dbbe8e38a51b5,18.005
1795.672,625,390625.000,32.31589889526,2013-05-20 08:20:05,eeb111102a203f07eb3dbbe8e38a79e8,18.005
1795.672,813,660969.000,3.11380219460,2013-05-20 08:06:16,eeb111102a203f07eb3dbbe8e38a9918,18.005
1795.672,563,316969.000,2.98814153671,2013-05-20 07:59:43,eeb111102a203f07eb3dbbe8e38ab654,18.005
1795.672,260,67600.000,27.60736846924,2013-05-20 07:53:50,eeb111102a203f07eb3dbbe8e38acffc,18.005
1795.672,367,134689.000,32.55478668213,2013-05-20 07:50:22,eeb111102a203f07eb3dbbe8e38aebe4,18.005
1795.672,500,250000.000,33.23854446411,2013-05-20 07:41:58,eeb111102a203f07eb3dbbe8e38b1d86,18.005
1795.672,793,628849.000,17.48901748657,2013-05-20 07:38:09,eeb111102a203f07eb3dbbe8e38b2266,18.005
1795.672,711,505521.000,32.77015304565,2013-05-20 07:36:03,eeb111102a203f07eb3dbbe8e38b27cd,18.005
1795.672,986,972196.000,32.66303253174,2013-05-20 07:33:39,eeb111102a203f07eb3dbbe8e38b3185,18.005
1795.672,357,127449.000,2.99623346329,2013-05-20 07:31:16,eeb111102a203f07eb3dbbe8e38b3f79,18.005
1795.672,404,163216.000,32.44068527222,2013-05-20 07:30:05,eeb111102a203f07eb3dbbe8e38b3fa0,18.005
1795.672,731,534361.000,33.03247833252,2013-05-20 07:21:39,eeb111102a203f07eb3dbbe8e38b5bf5,18.005
1795.672,459,210681.000,32.62597656250,2013-05-20 07:15:47,eeb111102a203f07eb3dbbe8e38b7a04,18.005
1795.672,510,260100.000,32.35958099365,2013-05-20 07:07:29,eeb111102a203f07eb3dbbe8e38b8e05,18.005
1795.672,759,576081.000,21.44971847534,2013-05-20 07:05:07,eeb111102a203f07eb3dbbe8e38b8e61,18.005
1795.672,156,24336.000,33.38960266113,2013-05-20 07:03:23,eeb111102a203f07eb3dbbe8e38b8f86,18.005
1795.672,347,120409.000,32.54954147339,2013-05-20 06:55:22,eeb111102a203f07eb3dbbe8e38bb45c,18.005
1795.672,45,2025.000,32.52810287476,2013-05-20 06:53:00,eeb111102a203f07eb3dbbe8e38bb998,18.005
1795.672,750,562500.000,17.91461753845,2013-05-20 06:45:03,eeb111102a203f07eb3dbbe8e38bc73b,18.005
1795.672,444,197136.000,33.78190994263,2013-05-20 06:15:58,eeb111102a203f07eb3dbbe8e38c31b7,18.005
1795.672,138,19044.000,2.96618843079,2013-05-20 06:03:38,eeb111102a203f07eb3dbbe8e38c6237,18.005
1795.672,802,643204.000,32.54560470581,2013-05-20 06:00:07,eeb111102a203f07eb3dbbe8e38c735a,18.005
1795.672,785,616225.000,20.99442291260,2013-05-20 05:43:32,eeb111102a203f07eb3dbbe8e38cc741,18.005
1795.672,283,80089.000,32.51498031616,2013-05-20 05:38:59,eeb111102a203f07eb3dbbe8e38cd0e6,18.005
1795.672,353,124609.000,2.98587131500,2013-05-20 05:30:13,eeb111102a203f07eb3dbbe8e38d02c0,18.005
1795.672,775,600625.000,32.40727996826,2013-05-20 05:29:25,eeb111102a203f07eb3dbbe8e38d0de7,18.005
1795.672,792,627264.000,3.53131127357,2013-05-20 05:18:44,eeb111102a203f07eb3dbbe8e38d4644,18.005
1795.672,364,132496.000,32.20457839966,2013-05-20 05:08:25,eeb111102a203f07eb3dbbe8e38d7785,18.005
1795.672,514,264196.000,24.86111259460,2013-05-20 04:52:18,eeb111102a203f07eb3dbbe8e38dc791,18.005
1795.672,822,675684.000,20.26094818115,2013-05-20 04:41:52,eeb111102a203f07eb3dbbe8e38df53f,18.005
1795.672,160,25600.000,15.48171424866,2013-05-20 04:34:26,eeb111102a203f07eb3dbbe8e38e16c4,18.005
1795.672,714,509796.000,2.96267509460,2013-05-20 04:16:33,eeb111102a203f07eb3dbbe8e38e549b,18.005
1795.672,582,338724.000,32.04159164429,2013-05-20 04:12:40,eeb111102a203f07eb3dbbe8e38e6940,18.005
1795.672,493,243049.000,31.85294151306,2013-05-20 04:09:15,eeb111102a203f07eb3dbbe8e38e84f1,18.005
1795.672,737,543169.000,31.86978340149,2013-05-20 04:06:56,eeb111102a203f07eb3dbbe8e38e8c75,18.005
1795.672,943,889249.000,3.19306349754,2013-05-20 03:53:06,eeb111102a203f07eb3dbbe8e38ec25d,18.005
1795.672,482,232324.000,2.98937654495,2013-05-20 03:52:32,eeb111102a203f07eb3dbbe8e38ecaaf,18.005
1795.672,643,413449.000,31.88231658936,2013-05-20 03:45:19,eeb111102a203f07eb3dbbe8e38ee2e5,18.005
1795.672,745,555025.000,25.15019416809,2013-05-20 03:35:34,eeb111102a203f07eb3dbbe8e38f0fef,18.005
1795.672,478,228484.000,3.14629769325,2013-05-20 03:31:04,eeb111102a203f07eb3dbbe8e38f15a7,18.005
1795.672,164,26896.000,27.19195938110,2013-05-20 03:30:01,eeb111102a203f07eb3dbbe8e38f1c14,18.005
1795.672,976,952576.000,31.84235572815,2013-05-20 03:22:21,eeb111102a203f07eb3dbbe8e38f325c,18.005
1795.672,848,719104.000,7.30595636368,2013-05-20 03:18:49,eeb111102a203f07eb3dbbe8e38f4591,18.005
1795.672,723,522729.000,31.73224258423,2013-05-20 03:16:55,eeb111102a203f07eb3dbbe8e38f47f3,18.005
1795.672,616,379456.000,2.99819207191,2013-05-20 03:13:09,eeb111102a203f07eb3dbbe8e38f5669,18.005
1795.672,657,431649.000,32.08231735229,2013-05-20 03:11:27,eeb111102a203f07eb3dbbe8e38f5e94,18.005
1795.672,96,9216.000,20.85493659973,2013-05-20 03:09:08,eeb111102a203f07eb3dbbe8e38f6b87,18.005
1795.672,884,781456.000,27.22250366211,2013-05-20 03:01:51,eeb111102a203f07eb3dbbe8e38f99af,18.005
1795.672,589,346921.000,32.09605407715,2013-05-20 02:53:14,eeb111102a203f07eb3dbbe8e38fb2c1,18.005
1795.672,788,620944.000,3.14071583748,2013-05-20 02:45:36,eeb111102a203f07eb3dbbe8e38fd6cf,18.005
1795.672,750,562500.000,31.86909866333,2013-05-20 02:43:43,eeb111102a203f07eb3dbbe8e38ff101,18.005
1795.672,911,829921.000,3.13373184204,2013-05-20 02:34:01,eeb111102a203f07eb3dbbe8e39021b2,36.049
1795.672,463,214369.000,31.95771980286,2013-05-20 02:21:18,eeb111102a203f07eb3dbbe8e39073ad,18.005
1795.672,950,902500.000,3.17471957207,2013-05-20 02:17:08,eeb111102a203f07eb3dbbe8e3907fdc,18.005
1795.672,162,26244.000,2.97364449501,2013-05-20 02:05:53,eeb111102a203f07eb3dbbe8e390bdfd,18.005
1795.672,97,9409.000,31.76712799072,2013-05-20 02:04:42,eeb111102a203f07eb3dbbe8e390bec1,18.005
1795.672,509,259081.000,24.79984092712,2013-05-20 02:00:50,eeb111102a203f07eb3dbbe8e390c9f7,18.005
1795.672,609,370881.000,32.10246276855,2013-05-20 01:58:39,eeb111102a203f07eb3dbbe8e390d743,18.005
1795.672,334,111556.000,3.03625321388,2013-05-20 01:41:11,eeb111102a203f07eb3dbbe8e3911168,18.005
1795.672,556,309136.000,31.97500610352,2013-05-20 01:39:21,eeb111102a203f07eb3dbbe8e39115d0,18.005
1795.672,575,330625.000,32.04912567139,2013-05-20 01:26:16,eeb111102a203f07eb3dbbe8e3915920,18.005
1795.672,206,42436.000,2.98402261734,2013-05-20 01:21:36,eeb111102a203f07eb3dbbe8e3917242,18.005
1795.672,497,247009.000,25.10070991516,2013-05-20 01:16:37,eeb111102a203f07eb3dbbe8e3917f06,18.005
1795.672,133,17689.000,32.22465515137,2013-05-20 01:14:25,eeb111102a203f07eb3dbbe8e3918057,18.005
1795.672,838,702244.000,32.10757446289,2013-05-20 01:10:50,eeb111102a203f07eb3dbbe8e3918c83,18.005
1795.672,845,714025.000,30.90788078308,2013-05-20 01:08:30,eeb111102a203f07eb3dbbe8e39192af,18.005
1795.672,387,149769.000,31.94469070435,2013-05-20 01:04:49,eeb111102a203f07eb3dbbe8e391a7e5,18.005
1795.672,205,42025.000,32.22166824341,2013-05-20 01:00:18,eeb111102a203f07eb3dbbe8e391b257,18.005
1795.672,82,6724.000,32.11752319336,2013-05-20 00:51:12,eeb111102a203f07eb3dbbe8e391dc3b,18.005
1795.672,567,321489.000,31.95338439941,2013-05-20 00:36:42,eeb111102a203f07eb3dbbe8e3921208,18.005
1795.672,722,521284.000,32.04815292358,2013-05-20 00:22:23,eeb111102a203f07eb3dbbe8e39251c6,18.005
1795.672,384,147456.000,18.65090560913,2013-05-20 00:11:35,eeb111102a203f07eb3dbbe8e39291f7,18.005
1795.672,753,567009.000,3.00010132790,2013-05-20 00:07:29,eeb111102a203f07eb3dbbe8e392a8f6,18.005
1795.672,65,4225.000,32.21128463745,2013-05-20 00:06:31,eeb111102a203f07eb3dbbe8e392ae45,18.005
1795.672,684,467856.000,32.12475204468,2013-05-20 00:01:13,eeb111102a203f07eb3dbbe8e392ce0b,18.005
1795.672,509,259081.000,31.96662521362,2013-05-19 23:58:15,eeb111102a203f07eb3dbbe8e392dc8e,18.005
1795.672,871,758641.000,3.02057647705,2013-05-19 23:54:45,eeb111102a203f07eb3dbbe8e392ec5e,18.005
1795.672,864,746496.000,2.98874735832,2013-05-19 23:46:20,eeb111102a203f07eb3dbbe8e3930fc1,18.005
1795.672,544,295936.000,32.13444519043,2013-05-19 23:39:40,eeb111102a203f07eb3dbbe8e393377d,18.005
1795.672,601,361201.000,31.87739372253,2013-05-19 23:36:52,eeb111102a203f07eb3dbbe8e3934a0e,18.005
1795.672,955,912025.000,8.83053779602,2013-05-19 23:33:39,eeb111102a203f07eb3dbbe8e393556e,18.005
1795.672,663,439569.000,32.17501449585,2013-05-19 23:31:43,eeb111102a203f07eb3dbbe8e39361b2,18.005
1795.672,550,302500.000,2.97918534279,2013-05-19 23:25:16,eeb111102a203f07eb3dbbe8e39375f7,18.005
1795.672,417,173889.000,32.22363662720,2013-05-19 23:23:47,eeb111102a203f07eb3dbbe8e3938491,18.005
1795.672,656,430336.000,3.15149497986,2013-05-19 23:21:27,eeb111102a203f07eb3dbbe8e39393b6,18.005
1795.672,364,132496.000,30.29460334778,2013-05-19 23:20:57,eeb111102a203f07eb3dbbe8e3939901,18.005
1795.672,760,577600.000,32.15650177002,2013-05-19 23:18:40,eeb111102a203f07eb3dbbe8e393a416,18.005
1795.672,311,96721.000,31.88866043091,2013-05-19 23:15:51,eeb111102a203f07eb3dbbe8e393b263,18.005
1795.672,491,241081.000,3.00867199898,2013-05-19 23:12:28,eeb111102a203f07eb3dbbe8e393b590,18.005
1795.672,731,534361.000,30.63962173462,2013-05-19 23:08:25,eeb111102a203f07eb3dbbe8e393cc0b,18.005
1795.672,931,866761.000,2.98234891891,2013-05-19 23:04:46,eeb111102a203f07eb3dbbe8e393e246,18.005
1795.672,11,121.000,31.85888671875,2013-05-19 23:03:27,eeb111102a203f07eb3dbbe8e393e820,18.005
1795.672,843,710649.000,3.14230370522,2013-05-19 23:01:07,eeb111102a203f07eb3dbbe8e393f735,18.005
1795.672,767,588289.000,16.95775222778,2013-05-19 23:00:41,eeb111102a203f07eb3dbbe8e393fb15,18.005
1795.672,836,698896.000,32.26185607910,2013-05-19 22:51:17,eeb111102a203f07eb3dbbe8e3943f4a,18.005
1795.672,96,9216.000,32.28429031372,2013-05-19 22:47:40,eeb111102a203f07eb3dbbe8e3944f28,18.005
1795.672,217,47089.000,2.97062158585,2013-05-19 22:45:55,eeb111102a203f07eb3dbbe8e3945227,18.005
1795.672,338,114244.000,3.14063572884,2013-05-19 22:39:52,eeb111102a203f07eb3dbbe8e3947903,18.005
1795.672,228,51984.000,3.13768100739,2013-05-19 22:36:26,eeb111102a203f07eb3dbbe8e3948c7a,18.005
1795.672,317,100489.000,26.10651397705,2013-05-19 22:31:47,eeb111102a203f07eb3dbbe8e394a5aa,18.005
1795.672,504,254016.000,12.84923362732,2013-05-19 22:28:15,eeb111102a203f07eb3dbbe8e394bc04,18.005
1795.672,142,20164.000,15.60451221466,2013-05-19 22:26:14,eeb111102a203f07eb3dbbe8e394bd40,18.005
1795.672,676,456976.000,30.02407073975,2013-05-19 22:19:27,eeb111102a203f07eb3dbbe8e394dadd,18.005
1795.672,672,451584.000,32.31156158447,2013-05-19 22:17:36,eeb111102a203f07eb3dbbe8e394e96a,18.005
1795.672,165,27225.000,3.14563965797,2013-05-19 22:15:15,eeb111102a203f07eb3dbbe8e394f1a7,18.005
1795.672,351,123201.000,20.17721748352,2013-05-19 22:08:39,eeb111102a203f07eb3dbbe8e3951375,18.005
1795.672,549,301401.000,3.01836252213,2013-05-19 22:01:15,eeb111102a203f07eb3dbbe8e3953c61,18.005
1795.672,151,22801.000,31.88663101196,2013-05-19 22:00:25,eeb111102a203f07eb3dbbe8e3953d7c,18.005
1795.672,420,176400.000,31.02901840210,2013-05-19 21:57:25,eeb111102a203f07eb3dbbe8e39548dc,18.005
1795.672,96,9216.000,3.14669013023,2013-05-19 21:52:07,eeb111102a203f07eb3dbbe8e3956304,18.005
1795.672,52,2704.000,3.14548349380,2013-05-19 21:49:09,eeb111102a203f07eb3dbbe8e39573ad,18.005
1795.672,529,279841.000,32.08121871948,2013-05-19 21:28:42,eeb111102a203f07eb3dbbe8e395df42,18.005
1795.672,141,19881.000,3.14222288132,2013-05-19 21:26:21,eeb111102a203f07eb3dbbe8e395e949,18.005
1795.672,220,48400.000,3.14171218872,2013-05-19 21:22:48,eeb111102a203f07eb3dbbe8e3960fb4,18.005
1795.672,962,925444.000,3.13841938972,2013-05-19 21:19:42,eeb111102a203f07eb3dbbe8e3962800,18.005
1795.672,213,45369.000,16.50000572205,2013-05-19 21:17:52,eeb111102a203f07eb3dbbe8e3963678,18.005
1795.672,416,173056.000,2.98617696762,2013-05-19 20:53:23,eeb111102a203f07eb3dbbe8e396c5bc,18.005
1795.672,847,717409.000,12.78106498718,2013-05-19 20:42:52,eeb111102a203f07eb3dbbe8e396f06a,18.005
1795.672,827,683929.000,2.97911500931,2013-05-19 20:35:25,eeb111102a203f07eb3dbbe8e3970af0,18.005
1795.672,220,48400.000,32.24874114990,2013-05-19 20:28:46,eeb111102a203f07eb3dbbe8e39739df,18.005
1795.672,330,108900.000,6.22313356400,2013-05-19 20:23:53,eeb111102a203f07eb3dbbe8e39743cd,18.005
1795.672,209,43681.000,3.15640234947,2013-05-19 20:09:49,eeb111102a203f07eb3dbbe8e397a485,18.005
1795.672,532,283024.000,3.15634512901,2013-05-19 20:06:31,eeb111102a203f07eb3dbbe8e397b097,18.005
1795.672,189,35721.000,2.97783136368,2013-05-19 19:58:23,eeb111102a203f07eb3dbbe8e397f148,18.005
1795.672,478,228484.000,14.53478908539,2013-05-19 19:55:21,eeb111102a203f07eb3dbbe8e39806aa,18.005
1795.672,867,751689.000,13.70823097229,2013-05-19 19:52:33,eeb111102a203f07eb3dbbe8e3980934,18.005
1795.672,1021,1042441.000,6.70912694931,2013-05-19 19:51:11,eeb111102a203f07eb3dbbe8e398136a,4.069
1795.672,696,484416.000,3.15569901466,2013-05-19 19:49:45,eeb111102a203f07eb3dbbe8e3981c09,18.005
1795.672,819,670761.000,2.98344254494,2013-05-19 19:45:47,eeb111102a203f07eb3dbbe8e39832b8,18.005
1795.672,472,222784.000,3.14911222458,2013-05-19 19:44:32,eeb111102a203f07eb3dbbe8e3983e4a,18.005
1795.672,600,360000.000,6.52157735825,2013-05-19 19:39:37,eeb111102a203f07eb3dbbe8e3986b8f,18.005
1795.672,801,641601.000,3.13560461998,2013-05-19 19:37:30,eeb111102a203f07eb3dbbe8e3987fec,18.005
1795.672,2,4.000,2.98359847069,2013-05-19 19:34:23,eeb111102a203f07eb3dbbe8e398a778,18.005
1795.672,278,77284.000,3.14188480377,2013-05-19 19:26:46,eeb111102a203f07eb3dbbe8e398db9d,18.005
1795.672,279,77841.000,3.13472294807,2013-05-19 19:25:58,eeb111102a203f07eb3dbbe8e398dd8b,18.005
1795.672,384,147456.000,2.96677780151,2013-05-19 19:25:23,eeb111102a203f07eb3dbbe8e398e97f,18.005
1795.672,216,46656.000,3.15783452988,2013-05-19 19:23:33,eeb111102a203f07eb3dbbe8e398f5b9,18.005
1795.672,505,255025.000,3.15345597267,2013-05-19 19:22:56,eeb111102a203f07eb3dbbe8e398f840,18.005
1795.672,430,184900.000,3.14108657837,2013-05-19 19:20:17,eeb111102a203f07eb3dbbe8e39911c5,18.005
1795.672,354,125316.000,3.14259958267,2013-05-19 19:19:36,eeb111102a203f07eb3dbbe8e399298b,18.005
1795.672,505,255025.000,3.15399765968,2013-05-19 19:19:22,eeb111102a203f07eb3dbbe8e39934a4,18.005
1795.672,270,72900.000,3.14582657814,2013-05-19 19:18:41,eeb111102a203f07eb3dbbe8e3994574,18.005
1795.672,986,972196.000,3.14449167252,2013-05-19 19:17:18,eeb111102a203f07eb3dbbe8e399724e,18.005
1795.672,661,436921.000,3.13843393326,2013-05-19 19:16:51,eeb111102a203f07eb3dbbe8e3997f65,18.005
1795.672,918,842724.000,3.15045189857,2013-05-19 19:15:42,eeb111102a203f07eb3dbbe8e399a5d5,32.585
1795.672,557,310249.000,3.13607859612,2013-05-19 19:15:15,eeb111102a203f07eb3dbbe8e399bd95,18.005
1795.672,695,483025.000,3.13568830490,2013-05-19 19:14:34,eeb111102a203f07eb3dbbe8e399d30c,18.005
1795.672,505,255025.000,3.14267706871,2013-05-19 19:13:25,eeb111102a203f07eb3dbbe8e399ee93,18.005
1795.672,881,776161.000,3.13640427589,2013-05-19 19:13:11,eeb111102a203f07eb3dbbe8e399f592,18.005
1795.672,616,379456.000,3.14037704468,2013-05-19 19:12:03,eeb111102a203f07eb3dbbe8e39a1d8a,18.005
1795.672,874,763876.000,3.14151215553,2013-05-19 19:11:50,eeb111102a203f07eb3dbbe8e39a2b7c,18.005
1795.672,65,4225.000,3.14089417458,2013-05-19 19:11:36,eeb111102a203f07eb3dbbe8e39a342a,18.005
1795.672,730,532900.000,3.13925671577,2013-05-19 19:10:55,eeb111102a203f07eb3dbbe8e39a58ad,18.005
1795.672,783,613089.000,3.15182304382,2013-05-19 19:10:41,eeb111102a203f07eb3dbbe8e39a6293,18.005
1795.672,150,22500.000,3.13568043709,2013-05-19 19:10:26,eeb111102a203f07eb3dbbe8e39a6a92,18.005
1795.672,592,350464.000,3.13956856728,2013-05-19 19:09:59,eeb111102a203f07eb3dbbe8e39a7c77,18.005
1795.672,625,390625.000,3.14282917976,2013-05-19 19:09:45,eeb111102a203f07eb3dbbe8e39a7df0,18.005
1795.672,11,121.000,3.15677261353,2013-05-19 19:07:00,eeb111102a203f07eb3dbbe8e39ae450,18.005
