size,width,height,cpu_mhz,cpu_cache,c#time,m#datetime,m#id,m#Earth Learner
671311.000,853,787,2527.060,3072,21.4274,2013-03-03 13:01:49,b214f53e41a41ebdba39c5c59298c929,10.779
111969.000,351,319,2527.060,3072,0.252836,2013-03-03 12:57:39,b214f53e41a41ebdba39c5c59298f5b8,0.550
165326.000,686,241,2527.060,3072,0.160242,2013-03-03 12:57:29,b214f53e41a41ebdba39c5c592990172,0.735
697219.000,1009,691,2527.060,3072,17.9261,2013-03-03 12:57:21,b214f53e41a41ebdba39c5c592990b95,16.466
770803.000,887,869,2527.060,3072,29.1463,2013-03-03 12:55:05,b214f53e41a41ebdba39c5c5929915d4,16.429
366224.000,752,487,2527.060,3072,5.59116,2013-03-03 12:51:11,b214f53e41a41ebdba39c5c5929918fa,6.974
431648.000,656,658,2527.060,3072,10.6891,2013-03-03 12:49:21,b214f53e41a41ebdba39c5c592992e0d,4.844
2512.000,628,4,2527.060,3072,0.000152199,2013-03-03 12:47:37,b214f53e41a41ebdba39c5c592993422,0.171
370548.000,876,423,2527.060,3072,3.43782,2013-03-03 12:47:26,b214f53e41a41ebdba39c5c592993ccc,5.822
91620.000,1018,90,2527.060,3072,0.15514,2013-03-03 12:45:40,b214f53e41a41ebdba39c5c592995f4c,0.480
113078.000,574,197,2527.060,3072,0.0856912,2013-03-03 12:45:06,b214f53e41a41ebdba39c5c592997b85,0.554
763526.000,958,797,2527.060,3072,24.537,2013-03-03 12:41:58,b214f53e41a41ebdba39c5c59299b46b,28.785
24206.000,26,931,2527.060,3072,0.161612,2013-03-03 12:37:14,b214f53e41a41ebdba39c5c59299f142,0.246
563550.000,867,650,2527.060,3072,13.0447,2013-03-03 12:36:50,b214f53e41a41ebdba39c5c5929a043e,11.953
38763.000,531,73,2527.060,3072,0.149279,2013-03-03 12:35:06,b214f53e41a41ebdba39c5c5929a073c,0.297
244674.000,621,394,2527.060,3072,1.74458,2013-03-03 12:33:30,b214f53e41a41ebdba39c5c5929a1bd2,1.010
142107.000,707,201,2527.060,3072,0.104281,2013-03-03 12:33:23,b214f53e41a41ebdba39c5c5929a1f87,0.655
653514.000,731,894,2527.060,3072,0.201408,2013-03-03 12:31:50,b214f53e41a41ebdba39c5c5929a4da0,0.660
262108.000,1012,259,2527.060,3072,0.271606,2013-03-03 12:31:41,b214f53e41a41ebdba39c5c5929a5457,1.070
369200.000,520,710,2527.060,3072,0.173549,2013-03-03 12:31:21,b214f53e41a41ebdba39c5c5929a629a,1.730
471184.000,784,601,2527.060,3072,9.88348,2013-03-03 12:31:01,b214f53e41a41ebdba39c5c5929a7b6f,9.253
43818.000,327,134,2527.060,3072,0.018002,2013-03-03 12:27:06,b214f53e41a41ebdba39c5c5929ab6d2,0.314
155556.000,596,261,2527.060,3072,0.164192,2013-03-03 12:25:51,b214f53e41a41ebdba39c5c5929add2d,0.701
127049.000,377,337,2527.060,3072,0.429766,2013-03-03 12:25:35,b214f53e41a41ebdba39c5c5929af170,0.602
21042.000,42,501,2527.060,3072,0.151819,2013-03-03 12:23:49,b214f53e41a41ebdba39c5c5929b012c,0.235
65835.000,231,285,2527.060,3072,0.148338,2013-03-03 12:23:35,b214f53e41a41ebdba39c5c5929b121a,0.390
705.000,3,235,2527.060,3072,0.146193,2013-03-03 12:23:05,b214f53e41a41ebdba39c5c5929b35f9,0.165
335368.000,412,814,2527.060,3072,0.173352,2013-03-03 12:19:47,b214f53e41a41ebdba39c5c5929b6f08,-0.156
144317.000,521,277,2527.060,3072,0.172979,2013-03-03 12:19:34,b214f53e41a41ebdba39c5c5929b7da2,0.662
919000.000,1000,919,2527.060,3072,44.0641,2013-03-03 12:19:10,b214f53e41a41ebdba39c5c5929b93bc,26.640
37888.000,74,512,2527.060,3072,0.150683,2013-03-03 12:13:26,b214f53e41a41ebdba39c5c5929b9cc6,0.294
124002.000,498,249,2527.060,3072,0.125737,2013-03-03 12:09:44,b214f53e41a41ebdba39c5c5929bf877,0.592
186544.000,262,712,2527.060,3072,0.162189,2013-03-03 12:07:37,b214f53e41a41ebdba39c5c5929c3f55,0.809
15860.000,610,26,2527.060,3072,0.00161842,2013-03-03 12:07:29,b214f53e41a41ebdba39c5c5929c495e,0.217
281370.000,565,498,2527.060,3072,4.47276,2013-03-03 12:01:39,b214f53e41a41ebdba39c5c5929c9fc0,1.679
246928.000,1012,244,2527.060,3072,0.233646,2013-03-03 11:55:10,b214f53e41a41ebdba39c5c5929ccaab,1.018
842310.000,882,955,2527.060,3072,0.223108,2013-03-03 11:53:53,b214f53e41a41ebdba39c5c5929ce4fa,5.095
91809.000,909,101,2527.060,3072,0.156493,2013-03-03 11:53:45,b214f53e41a41ebdba39c5c5929ceae8,0.480
47422.000,362,131,2527.060,3072,0.0189086,2013-03-03 11:53:38,b214f53e41a41ebdba39c5c5929cef14,0.327
12950.000,35,370,2527.060,3072,0.146857,2013-03-03 11:53:21,b214f53e41a41ebdba39c5c5929d082f,0.207
630480.000,888,710,2527.060,3072,16.6501,2013-03-03 11:53:06,b214f53e41a41ebdba39c5c5929d171a,14.638
88880.000,440,202,2527.060,3072,1.54447,2013-03-03 11:50:49,b214f53e41a41ebdba39c5c5929d23a7,0.470
101152.000,872,116,2527.060,3072,0.158953,2013-03-03 11:41:37,b214f53e41a41ebdba39c5c5929d6686,0.513
256700.000,755,340,2527.060,3072,0.911433,2013-03-03 11:39:50,b214f53e41a41ebdba39c5c5929d7f60,1.051
124968.000,246,508,2527.060,3072,0.155963,2013-03-03 11:37:32,b214f53e41a41ebdba39c5c5929daa65,0.595
332800.000,1024,325,2527.060,3072,0.771469,2013-03-03 11:37:02,b214f53e41a41ebdba39c5c5929db789,3.035
130190.000,470,277,2527.060,3072,0.163236,2013-03-03 11:33:28,b214f53e41a41ebdba39c5c5929dea00,0.613
28006.000,134,209,2527.060,3072,0.149675,2013-03-03 11:27:57,b214f53e41a41ebdba39c5c5929e02d3,0.259
383129.000,527,727,2527.060,3072,0.175719,2013-03-03 11:27:15,b214f53e41a41ebdba39c5c5929e4e05,1.486
355712.000,794,448,2527.060,3072,4.07338,2013-03-03 11:27:01,b214f53e41a41ebdba39c5c5929e6940,7.162
765390.000,823,930,2527.060,3072,0.212557,2013-03-03 11:25:37,b214f53e41a41ebdba39c5c5929e6d75,3.734
490600.000,550,892,2527.060,3072,0.182367,2013-03-03 11:19:24,b214f53e41a41ebdba39c5c5929e8c56,-0.677
874776.000,1016,861,2527.060,3072,31.898,2013-03-03 11:15:45,b214f53e41a41ebdba39c5c5929ebbab,25.186
428142.000,499,858,2527.060,3072,0.18065,2013-03-03 11:09:43,b214f53e41a41ebdba39c5c5929ecb81,-0.828
443961.000,783,567,2527.060,3072,9.03211,2013-03-03 11:09:26,b214f53e41a41ebdba39c5c5929ed493,9.285
341882.000,859,398,2527.060,3072,2.51353,2013-03-03 11:05:21,b214f53e41a41ebdba39c5c5929eedf0,5.072
137441.000,167,823,2527.060,3072,0.162207,2013-03-03 11:01:29,b214f53e41a41ebdba39c5c5929f1bab,0.638
9204.000,118,78,2527.060,3072,0.0019314,2013-03-03 10:59:15,b214f53e41a41ebdba39c5c5929f62d0,0.194
273135.000,393,695,2527.060,3072,0.165072,2013-03-03 10:57:16,b214f53e41a41ebdba39c5c5929f8539,1.107
368214.000,462,797,2527.060,3072,0.172392,2013-03-03 10:55:25,b214f53e41a41ebdba39c5c5929fb1d3,-0.213
736300.000,925,796,2527.060,3072,23.5922,2013-03-03 10:53:23,b214f53e41a41ebdba39c5c5929fed00,24.226
264992.000,338,784,2527.060,3072,0.168496,2013-03-03 10:49:51,b214f53e41a41ebdba39c5c5929ff28d,1.080
853520.000,908,940,2527.060,3072,0.222704,2013-03-03 10:49:36,b214f53e41a41ebdba39c5c592a00447,8.975
54827.000,109,503,2527.060,3072,0.153698,2013-03-03 10:49:22,b214f53e41a41ebdba39c5c592a023a1,0.352
211548.000,244,867,2527.060,3072,0.169914,2013-03-03 10:49:14,b214f53e41a41ebdba39c5c592a02f2e,0.895
109728.000,254,432,2527.060,3072,0.153852,2013-03-03 10:45:50,b214f53e41a41ebdba39c5c592a0413d,0.542
373824.000,576,649,2527.060,3072,0.175224,2013-03-03 10:45:25,b214f53e41a41ebdba39c5c592a06b4e,3.273
661011.000,663,997,2527.060,3072,0.198575,2013-03-03 10:45:17,b214f53e41a41ebdba39c5c592a06ffa,1.226
25413.000,197,129,2527.060,3072,0.0104469,2013-03-03 10:44:30,b214f53e41a41ebdba39c5c592a07f23,0.250
24480.000,288,85,2527.060,3072,0.152886,2013-03-03 10:43:52,b214f53e41a41ebdba39c5c592a080ee,0.247
9320.000,932,10,2527.060,3072,0.000579112,2013-03-03 10:43:45,b214f53e41a41ebdba39c5c592a08b89,0.195
18574.000,74,251,2527.060,3072,0.146475,2013-03-03 10:43:15,b214f53e41a41ebdba39c5c592a0b5e6,0.227
365922.000,522,701,2527.060,3072,0.173475,2013-03-03 10:41:18,b214f53e41a41ebdba39c5c592a0d791,1.885
316287.000,1017,311,2527.060,3072,0.637039,2013-03-03 10:39:13,b214f53e41a41ebdba39c5c592a0eac1,2.422
889110.000,890,999,2527.060,3072,0.228255,2013-03-03 10:37:52,b214f53e41a41ebdba39c5c592a0ee91,-1.977
223500.000,750,298,2527.060,3072,0.337307,2013-03-03 10:35:15,b214f53e41a41ebdba39c5c592a10d50,0.936
168976.000,944,179,2527.060,3072,0.105137,2013-03-03 10:33:57,b214f53e41a41ebdba39c5c592a11da2,0.748
425736.000,486,876,2527.060,3072,0.179232,2013-03-03 10:33:38,b214f53e41a41ebdba39c5c592a13417,-0.699
104082.000,166,627,2527.060,3072,0.15569,2013-03-03 10:33:25,b214f53e41a41ebdba39c5c592a14ed9,0.523
417835.000,781,535,2527.060,3072,7.61283,2013-03-03 10:31:25,b214f53e41a41ebdba39c5c592a17d47,8.957
160000.000,800,200,2527.060,3072,0.108494,2013-03-03 10:29:05,b214f53e41a41ebdba39c5c592a1b92a,0.717
14355.000,495,29,2527.060,3072,0.00157528,2013-03-03 10:19:19,b214f53e41a41ebdba39c5c592a21c82,0.212
93120.000,776,120,2527.060,3072,0.157957,2013-03-03 10:19:06,b214f53e41a41ebdba39c5c592a226e3,0.485
699340.000,730,958,2527.060,3072,0.207292,2013-03-03 10:18:58,b214f53e41a41ebdba39c5c592a22da3,1.377
55912.000,241,232,2527.060,3072,0.0487882,2013-03-03 10:17:51,b214f53e41a41ebdba39c5c592a237fc,0.356
278100.000,618,450,2527.060,3072,3.17653,2013-03-03 10:17:00,b214f53e41a41ebdba39c5c592a26452,1.619
138852.000,551,252,2527.060,3072,0.138694,2013-03-03 10:15:16,b214f53e41a41ebdba39c5c592a28d55,0.643
361284.000,476,759,2527.060,3072,0.177088,2013-03-03 10:10:16,b214f53e41a41ebdba39c5c592a2b933,0.614
42480.000,59,720,2527.060,3072,0.159787,2013-03-03 10:09:51,b214f53e41a41ebdba39c5c592a2c8fc,0.310
233033.000,499,467,2527.060,3072,3.03533,2013-03-03 10:09:26,b214f53e41a41ebdba39c5c592a2e723,0.970
10478.000,13,806,2527.060,3072,0.159229,2013-03-03 10:09:11,b214f53e41a41ebdba39c5c592a2ee54,0.199
97672.000,842,116,2527.060,3072,0.158729,2013-03-03 00:35:45,b214f53e41a41ebdba39c5c592a2fde3,0.501
87438.000,767,114,2527.060,3072,0.161615,2013-03-03 00:34:32,b214f53e41a41ebdba39c5c592a313fb,0.465
140309.000,559,251,2527.060,3072,0.146066,2013-03-03 00:34:09,b214f53e41a41ebdba39c5c592a31a43,0.648
462070.000,574,805,2527.060,3072,0.181433,2013-03-03 00:33:39,b214f53e41a41ebdba39c5c592a327c7,-0.685
52334.000,191,274,2527.060,3072,0.150798,2013-03-03 00:32:34,b214f53e41a41ebdba39c5c592a328ee,0.344
15600.000,600,26,2527.060,3072,0.00165206,2013-03-03 00:32:22,b214f53e41a41ebdba39c5c592a33406,0.216
18928.000,56,338,2527.060,3072,0.56659,2013-03-03 00:31:26,b214f53e41a41ebdba39c5c592a354d2,0.228
396606.000,994,399,2527.060,3072,2.80271,2013-03-03 00:30:29,b214f53e41a41ebdba39c5c592a3767b,4.308
959671.000,1007,953,2527.060,3072,33.8766,2013-03-03 00:30:17,b214f53e41a41ebdba39c5c592a38106,26.913
387858.000,381,1018,2527.060,3072,0.183771,2013-03-03 00:27:57,b214f53e41a41ebdba39c5c592a38ed4,0.626
289316.000,958,302,2527.060,3072,0.477347,2013-03-03 00:27:40,b214f53e41a41ebdba39c5c592a39769,1.275
52260.000,268,195,2527.060,3072,0.0403211,2013-03-03 00:25:04,b214f53e41a41ebdba39c5c592a3a5f7,0.343
317400.000,575,552,2527.060,3072,5.50439,2013-03-03 00:25:00,b214f53e41a41ebdba39c5c592a3b5e1,2.986
206074.000,493,418,2527.060,3072,1.80235,2013-03-03 00:23:48,b214f53e41a41ebdba39c5c592a3cf1e,0.876
456966.000,479,954,2527.060,3072,0.187167,2013-03-03 00:23:07,b214f53e41a41ebdba39c5c592a40439,-0.125
77190.000,930,83,2527.060,3072,0.156905,2013-03-03 00:22:39,b214f53e41a41ebdba39c5c592a42458,0.430
348881.000,611,571,2527.060,3072,6.17143,2013-03-03 00:22:28,b214f53e41a41ebdba39c5c592a4344d,4.081
30996.000,861,36,2527.060,3072,0.150512,2013-03-03 00:20:57,b214f53e41a41ebdba39c5c592a44c27,0.270
232232.000,364,638,2527.060,3072,0.165314,2013-03-03 00:20:51,b214f53e41a41ebdba39c5c592a44f66,0.967
41912.000,806,52,2527.060,3072,0.151379,2013-03-03 00:20:44,b214f53e41a41ebdba39c5c592a44fcf,0.308
124320.000,259,480,2527.060,3072,0.157072,2013-03-03 00:20:38,b214f53e41a41ebdba39c5c592a455c5,0.593
70060.000,155,452,2527.060,3072,0.155383,2013-03-03 00:20:32,b214f53e41a41ebdba39c5c592a45a32,0.405
2583.000,7,369,2527.060,3072,0.151525,2013-03-03 00:20:24,b214f53e41a41ebdba39c5c592a46696,0.171
118128.000,856,138,2527.060,3072,0.0515681,2013-03-03 00:20:09,b214f53e41a41ebdba39c5c592a468ba,0.572
49704.000,152,327,2527.060,3072,0.150888,2013-03-03 00:19:37,b214f53e41a41ebdba39c5c592a47ab6,0.335
257669.000,659,391,2527.060,3072,1.81938,2013-03-03 00:19:18,b214f53e41a41ebdba39c5c592a491da,1.055
8370.000,270,31,2527.060,3072,0.000956738,2013-03-03 00:17:44,b214f53e41a41ebdba39c5c592a4dd40,0.191
253170.000,582,435,2527.060,3072,2.52671,2013-03-03 00:14:49,b214f53e41a41ebdba39c5c592a4fd68,1.039
76970.000,86,895,2527.060,3072,0.162598,2013-03-03 00:14:37,b214f53e41a41ebdba39c5c592a50052,0.429
396150.000,570,695,2527.060,3072,0.177392,2013-03-03 00:14:19,b214f53e41a41ebdba39c5c592a504a4,2.581
508497.000,627,811,2527.060,3072,0.185101,2013-03-03 00:10:57,b214f53e41a41ebdba39c5c592a55f3a,-0.761
77238.000,126,613,2527.060,3072,0.154695,2013-03-03 00:09:03,b214f53e41a41ebdba39c5c592a5867e,0.430
384345.000,657,585,2527.060,3072,7.36863,2013-03-03 00:04:59,b214f53e41a41ebdba39c5c592a5e094,5.369
361380.000,380,951,2527.060,3072,0.176283,2013-03-03 00:03:29,b214f53e41a41ebdba39c5c592a5e2c5,0.220
226776.000,859,264,2527.060,3072,0.238194,2013-03-03 00:03:21,b214f53e41a41ebdba39c5c592a5eff2,0.948
266220.000,261,1020,2527.060,3072,0.17431,2013-03-03 00:03:11,b214f53e41a41ebdba39c5c592a5f54c,1.084
8228.000,22,374,2527.060,3072,0.149578,2013-03-03 00:03:03,b214f53e41a41ebdba39c5c592a6047f,0.191
321399.000,533,603,2527.060,3072,0.171732,2013-03-03 00:02:49,b214f53e41a41ebdba39c5c592a60fce,2.527
562432.000,832,676,2527.060,3072,12.9043,2013-03-03 00:02:40,b214f53e41a41ebdba39c5c592a614c5,10.164
283410.000,1005,282,2527.060,3072,0.357134,2013-03-03 00:00:47,b214f53e41a41ebdba39c5c592a61901,1.424
199892.000,826,242,2527.060,3072,0.199287,2013-03-02 23:59:37,b214f53e41a41ebdba39c5c592a648f8,0.855
507012.000,501,1012,2527.060,3072,0.189404,2013-03-02 23:58:52,b214f53e41a41ebdba39c5c592a66406,0.578
272648.000,692,394,2527.060,3072,1.95601,2013-03-02 23:57:55,b214f53e41a41ebdba39c5c592a68f0a,1.329
489839.000,889,551,2527.060,3072,8.49686,2013-03-02 23:57:45,b214f53e41a41ebdba39c5c592a693af,9.921
234520.000,328,715,2527.060,3072,0.168197,2013-03-02 23:55:38,b214f53e41a41ebdba39c5c592a695f0,0.975
12716.000,68,187,2527.060,3072,0.148712,2013-03-02 23:55:30,b214f53e41a41ebdba39c5c592a69e14,0.206
29025.000,135,215,2527.060,3072,0.149964,2013-03-02 23:54:23,b214f53e41a41ebdba39c5c592a6da8d,0.263
285600.000,600,476,2527.060,3072,3.81262,2013-03-02 23:54:15,b214f53e41a41ebdba39c5c592a6e6ad,1.984
707464.000,926,764,2527.060,3072,19.4088,2013-03-02 23:53:52,b214f53e41a41ebdba39c5c592a6fa2a,22.140
952.000,7,136,2527.060,3072,0.150316,2013-03-02 23:51:38,b214f53e41a41ebdba39c5c592a70c71,0.166
35055.000,615,57,2527.060,3072,0.152252,2013-03-02 23:51:15,b214f53e41a41ebdba39c5c592a71f9f,0.284
224224.000,728,308,2527.060,3072,0.43018,2013-03-02 23:50:37,b214f53e41a41ebdba39c5c592a7552f,0.939
238595.000,595,401,2527.060,3072,1.77352,2013-03-02 23:49:27,b214f53e41a41ebdba39c5c592a78cb3,0.989
615770.000,695,886,2527.060,3072,0.197366,2013-03-02 23:49:18,b214f53e41a41ebdba39c5c592a793fd,0.143
146664.000,504,291,2527.060,3072,0.204003,2013-03-02 23:48:38,b214f53e41a41ebdba39c5c592a79936,0.670
298242.000,567,526,2527.060,3072,5.00292,2013-03-02 23:47:27,b214f53e41a41ebdba39c5c592a7c4c5,2.361
243880.000,910,268,2527.060,3072,0.267051,2013-03-02 23:44:58,b214f53e41a41ebdba39c5c592a7e1a1,1.007
543016.000,659,824,2527.060,3072,0.188491,2013-03-02 23:44:47,b214f53e41a41ebdba39c5c592a7e6e9,-0.708
285047.000,301,947,2527.060,3072,0.170977,2013-03-02 23:44:39,b214f53e41a41ebdba39c5c592a7eccb,0.908
383444.000,514,746,2527.060,3072,0.169445,2013-03-02 23:43:12,b214f53e41a41ebdba39c5c592a805be,0.997
288198.000,486,593,2527.060,3072,0.161706,2013-03-02 23:43:06,b214f53e41a41ebdba39c5c592a80976,1.603
8424.000,312,27,2527.060,3072,0.000238214,2013-03-02 23:38:54,b214f53e41a41ebdba39c5c592a824ee,0.192
185493.000,847,219,2527.060,3072,0.032133,2013-03-02 23:38:19,b214f53e41a41ebdba39c5c592a8363d,0.805
362706.000,366,991,2527.060,3072,0.171765,2013-03-02 23:37:45,b214f53e41a41ebdba39c5c592a83796,0.486
228363.000,467,489,2527.060,3072,0.156625,2013-03-02 23:36:38,b214f53e41a41ebdba39c5c592a843f0,0.953
328350.000,398,825,2527.060,3072,0.167228,2013-03-02 23:32:37,b214f53e41a41ebdba39c5c592a86fe3,-0.028
345495.000,743,465,2527.060,3072,4.49337,2013-03-02 23:32:30,b214f53e41a41ebdba39c5c592a87317,6.001
558195.000,561,995,2527.060,3072,0.188289,2013-03-02 23:27:32,b214f53e41a41ebdba39c5c592a8c30b,0.529
226080.000,360,628,2527.060,3072,0.160059,2013-03-02 23:24:43,b214f53e41a41ebdba39c5c592a91e4e,0.945
464896.000,908,512,2527.060,3072,7.25467,2013-03-02 23:24:29,b214f53e41a41ebdba39c5c592a92d06,8.305
427668.000,471,908,2527.060,3072,0.17842,2013-03-02 23:23:57,b214f53e41a41ebdba39c5c592a93cf6,-0.469
90324.000,772,117,2527.060,3072,0.159048,2013-03-02 23:23:41,b214f53e41a41ebdba39c5c592a94fea,0.475
317682.000,318,999,2527.060,3072,0.169066,2013-03-02 23:22:32,b214f53e41a41ebdba39c5c592a97529,0.765
646646.000,646,1001,2527.060,3072,0.191836,2013-03-02 23:22:06,b214f53e41a41ebdba39c5c592a99006,1.146
382788.000,441,868,2527.060,3072,0.173251,2013-03-02 23:21:31,b214f53e41a41ebdba39c5c592a9a303,-0.477
489255.000,845,579,2527.060,3072,10.0547,2013-03-02 23:19:17,b214f53e41a41ebdba39c5c592aa0109,10.429
518193.000,927,559,2527.060,3072,9.97594,2013-03-02 23:16:29,b214f53e41a41ebdba39c5c592aa311d,10.047
805504.000,868,928,2527.060,3072,0.200384,2013-03-02 23:15:25,b214f53e41a41ebdba39c5c592aa47c6,7.456
484389.000,503,963,2527.060,3072,0.175586,2013-03-02 23:15:12,b214f53e41a41ebdba39c5c592aa6514,-0.035
77376.000,496,156,2527.060,3072,0.037408,2013-03-02 23:14:58,b214f53e41a41ebdba39c5c592aa6d85,0.430
451440.000,792,570,2527.060,3072,8.09081,2013-03-02 23:14:34,b214f53e41a41ebdba39c5c592aa871b,9.612
238266.000,279,854,2527.060,3072,0.160738,2013-03-02 23:13:59,b214f53e41a41ebdba39c5c592aa93e8,0.988
455680.000,445,1024,2527.060,3072,0.174091,2013-03-02 23:13:45,b214f53e41a41ebdba39c5c592aaae4e,0.654
348102.000,699,498,2527.060,3072,4.94149,2013-03-02 23:13:37,b214f53e41a41ebdba39c5c592aab4d6,5.499
2973.000,991,3,2527.060,3072,7.37095e-05,2013-03-02 23:13:15,b214f53e41a41ebdba39c5c592aabb20,0.173
124659.000,513,243,2527.060,3072,0.124497,2013-03-02 23:13:04,b214f53e41a41ebdba39c5c592aad56f,0.594
315225.000,467,675,2527.060,3072,0.164242,2013-03-02 23:12:58,b214f53e41a41ebdba39c5c592aadbe2,1.574
538279.000,917,587,2527.060,3072,9.94411,2013-03-02 23:12:03,b214f53e41a41ebdba39c5c592aaf924,11.354
101355.000,435,233,2527.060,3072,0.095455,2013-03-02 23:11:21,b214f53e41a41ebdba39c5c592ab026a,0.513
89229.000,607,147,2527.060,3072,0.0431392,2013-03-02 23:09:51,b214f53e41a41ebdba39c5c592ab2073,0.471
855322.000,871,982,2527.060,3072,0.202032,2013-03-02 23:09:33,b214f53e41a41ebdba39c5c592ab2ac9,1.377
811203.000,951,853,2527.060,3072,24.5947,2013-03-02 23:09:24,b214f53e41a41ebdba39c5c592ab2fcb,35.353
11472.000,24,478,2527.060,3072,0.148564,2013-03-02 23:07:09,b214f53e41a41ebdba39c5c592ab581a,0.202
240075.000,485,495,2527.060,3072,0.161621,2013-03-02 23:06:56,b214f53e41a41ebdba39c5c592ab5e00,0.994
92256.000,961,96,2527.060,3072,0.156594,2013-03-02 23:06:01,b214f53e41a41ebdba39c5c592ab766b,0.482
51832.000,341,152,2527.060,3072,0.0240972,2013-03-02 23:05:20,b214f53e41a41ebdba39c5c592ab9848,0.342
289120.000,416,695,2527.060,3072,0.165517,2013-03-02 23:04:50,b214f53e41a41ebdba39c5c592abb387,1.176
27648.000,768,36,2527.060,3072,0.147791,2013-03-02 23:04:22,b214f53e41a41ebdba39c5c592abe94d,0.258
335924.000,548,613,2527.060,3072,0.171818,2013-03-02 23:04:08,b214f53e41a41ebdba39c5c592ac0135,2.850
455533.000,523,871,2527.060,3072,0.179276,2013-03-02 23:04:00,b214f53e41a41ebdba39c5c592ac0507,-0.822
207036.000,729,284,2527.060,3072,0.26317,2013-03-02 23:03:44,b214f53e41a41ebdba39c5c592ac15ba,0.879
283790.000,481,590,2527.060,3072,0.163502,2013-03-02 23:03:33,b214f53e41a41ebdba39c5c592ac2337,1.487
90720.000,126,720,2527.060,3072,0.15367,2013-03-02 23:03:19,b214f53e41a41ebdba39c5c592ac2d0d,0.477
134976.000,608,222,2527.060,3072,0.115244,2013-03-02 23:03:07,b214f53e41a41ebdba39c5c592ac36eb,0.630
351036.000,398,882,2527.060,3072,0.167306,2013-03-02 23:03:02,b214f53e41a41ebdba39c5c592ac42fb,-0.090
364650.000,374,975,2527.060,3072,0.169005,2013-03-02 23:02:40,b214f53e41a41ebdba39c5c592ac50c9,0.363
497260.000,940,529,2527.060,3072,8.16533,2013-03-02 23:01:14,b214f53e41a41ebdba39c5c592ac5389,8.399
58176.000,404,144,2527.060,3072,0.0265466,2013-03-02 22:59:50,b214f53e41a41ebdba39c5c592ac7266,0.364
299720.000,295,1016,2527.060,3072,0.166686,2013-03-02 22:59:47,b214f53e41a41ebdba39c5c592ac7ec6,0.923
223650.000,450,497,2527.060,3072,0.159404,2013-03-02 22:59:26,b214f53e41a41ebdba39c5c592ac8b23,0.937
469868.000,679,692,2527.060,3072,0.176117,2013-03-02 22:59:19,b214f53e41a41ebdba39c5c592ac9989,4.646
317364.000,636,499,2527.060,3072,4.45525,2013-03-02 22:59:03,b214f53e41a41ebdba39c5c592aca927,3.617
556765.000,955,583,2527.060,3072,9.95596,2013-03-02 22:58:43,b214f53e41a41ebdba39c5c592acb800,11.404
404700.000,852,475,2527.060,3072,5.14797,2013-03-02 22:56:04,b214f53e41a41ebdba39c5c592acefb8,8.011
4731.000,83,57,2527.060,3072,0.00077764,2013-03-02 22:55:33,b214f53e41a41ebdba39c5c592ad01f5,0.179
487872.000,1008,484,2527.060,3072,6.53549,2013-03-02 22:55:31,b214f53e41a41ebdba39c5c592ad0758,7.727
459432.000,709,648,2527.060,3072,10.0813,2013-03-02 22:54:55,b214f53e41a41ebdba39c5c592ad1fc8,6.352
140350.000,175,802,2527.060,3072,0.16041,2013-03-02 22:53:55,b214f53e41a41ebdba39c5c592ad3e55,0.649
160431.000,1009,159,2527.060,3072,0.084723,2013-03-02 22:53:24,b214f53e41a41ebdba39c5c592ad5cf6,0.718
64050.000,150,427,2527.060,3072,0.149179,2013-03-02 22:53:18,b214f53e41a41ebdba39c5c592ad6a13,0.384
224676.000,474,474,2527.060,3072,3.11174,2013-03-02 22:50:30,b214f53e41a41ebdba39c5c592ad995e,0.941
106518.000,433,246,2527.060,3072,0.105815,2013-03-02 22:50:16,b214f53e41a41ebdba39c5c592ada2ca,0.531
49951.000,209,239,2527.060,3072,0.145711,2013-03-02 22:49:10,b214f53e41a41ebdba39c5c592adac92,0.335
791580.000,1002,790,2527.060,3072,20.7272,2013-03-02 22:48:47,b214f53e41a41ebdba39c5c592adaea4,22.431
172368.000,798,216,2527.060,3072,0.134036,2013-03-02 22:46:59,b214f53e41a41ebdba39c5c592adbe25,0.759
496320.000,880,564,2527.060,3072,9.92495,2013-03-02 22:46:32,b214f53e41a41ebdba39c5c592adcfaa,10.329
316250.000,506,625,2527.060,3072,0.168076,2013-03-02 22:45:43,b214f53e41a41ebdba39c5c592add8fc,2.124
49234.000,103,478,2527.060,3072,0.151135,2013-03-02 22:45:35,b214f53e41a41ebdba39c5c592addf85,0.333
526592.000,968,544,2527.060,3072,9.67728,2013-03-02 22:42:04,b214f53e41a41ebdba39c5c592ae120d,9.330
31734.000,258,123,2527.060,3072,0.159954,2013-03-02 22:39:15,b214f53e41a41ebdba39c5c592ae485f,0.272
691896.000,762,908,2527.060,3072,0.200159,2013-03-02 22:38:57,b214f53e41a41ebdba39c5c592ae6288,1.246
936903.000,979,957,2527.060,3072,37.1012,2013-03-02 22:38:48,b214f53e41a41ebdba39c5c592ae6fff,21.984
101303.000,1003,101,2527.060,3072,0.154465,2013-03-02 22:36:16,b214f53e41a41ebdba39c5c592ae7726,0.513
81144.000,966,84,2527.060,3072,0.152358,2013-03-02 22:32:08,b214f53e41a41ebdba39c5c592ae9519,0.443
32615.000,55,593,2527.060,3072,0.152974,2013-03-02 22:32:00,b214f53e41a41ebdba39c5c592ae9940,0.275
181048.000,854,212,2527.060,3072,0.13694,2013-03-02 22:30:27,b214f53e41a41ebdba39c5c592aedbfe,0.789
267584.000,296,904,2527.060,3072,0.167263,2013-03-02 22:25:38,b214f53e41a41ebdba39c5c592af3162,1.089
79329.000,93,853,2527.060,3072,0.159822,2013-03-02 22:25:31,b214f53e41a41ebdba39c5c592af38d4,0.437
114494.000,131,874,2527.060,3072,0.160497,2013-03-02 22:25:25,b214f53e41a41ebdba39c5c592af4211,0.559
289380.000,364,795,2527.060,3072,0.167043,2013-03-02 22:25:02,b214f53e41a41ebdba39c5c592af547a,0.744
214800.000,895,240,2527.060,3072,0.198536,2013-03-02 22:24:54,b214f53e41a41ebdba39c5c592af5b49,0.906
73492.000,76,967,2527.060,3072,0.163442,2013-03-02 22:24:47,b214f53e41a41ebdba39c5c592af6201,0.417
434560.000,970,448,2527.060,3072,5.03488,2013-03-02 22:22:48,b214f53e41a41ebdba39c5c592af9e75,5.133
147168.000,1022,144,2527.060,3072,0.0700581,2013-03-02 22:20:51,b214f53e41a41ebdba39c5c592afd82f,0.672
292810.000,445,658,2527.060,3072,0.167728,2013-03-02 22:20:46,b214f53e41a41ebdba39c5c592afe7c6,1.390
35037.000,51,687,2527.060,3072,0.154156,2013-03-02 22:20:32,b214f53e41a41ebdba39c5c592affa64,0.284
319995.000,585,547,2527.060,3072,6.12381,2013-03-02 22:20:25,b214f53e41a41ebdba39c5c592b00238,3.162
300328.000,434,692,2527.060,3072,0.16636,2013-03-02 22:19:12,b214f53e41a41ebdba39c5c592b02c36,1.267
143022.000,591,242,2527.060,3072,0.140627,2013-03-02 22:17:31,b214f53e41a41ebdba39c5c592b0392b,0.658
220662.000,369,598,2527.060,3072,0.16048,2013-03-02 22:17:15,b214f53e41a41ebdba39c5c592b04a79,0.927
42525.000,675,63,2527.060,3072,0.153388,2013-03-02 22:17:08,b214f53e41a41ebdba39c5c592b05296,0.310
386264.000,424,911,2527.060,3072,0.173384,2013-03-02 22:16:47,b214f53e41a41ebdba39c5c592b06491,-0.226
691956.000,894,774,2527.060,3072,20.9209,2013-03-02 22:14:47,b214f53e41a41ebdba39c5c592b0a275,17.304
729432.000,921,792,2527.060,3072,22.7323,2013-03-02 22:13:20,b214f53e41a41ebdba39c5c592b0a810,23.127
228912.000,456,502,2527.060,3072,0.160772,2013-03-02 22:11:38,b214f53e41a41ebdba39c5c592b0c65c,0.955
424848.000,501,848,2527.060,3072,0.175704,2013-03-02 22:11:18,b214f53e41a41ebdba39c5c592b0dd52,-0.874
150224.000,916,164,2527.060,3072,0.0782299,2013-03-02 22:11:10,b214f53e41a41ebdba39c5c592b0e291,0.683
325080.000,420,774,2527.060,3072,0.169042,2013-03-02 22:09:51,b214f53e41a41ebdba39c5c592b10bef,0.489
675396.000,771,876,2527.060,3072,0.191406,2013-03-02 22:07:29,b214f53e41a41ebdba39c5c592b18167,1.081
329840.000,620,532,2527.060,3072,5.56114,2013-03-02 22:07:00,b214f53e41a41ebdba39c5c592b198d0,3.844
438200.000,700,626,2527.060,3072,9.45169,2013-03-02 22:06:29,b214f53e41a41ebdba39c5c592b1a76c,6.403
161868.000,164,987,2527.060,3072,0.164598,2013-03-02 22:05:30,b214f53e41a41ebdba39c5c592b1b234,0.723
133789.000,397,337,2527.060,3072,0.464861,2013-03-02 22:05:07,b214f53e41a41ebdba39c5c592b1b717,0.626
547485.000,969,565,2527.060,3072,9.98788,2013-03-02 22:02:56,b214f53e41a41ebdba39c5c592b1ca69,10.467
323025.000,885,365,2527.060,3072,1.72775,2013-03-02 22:02:13,b214f53e41a41ebdba39c5c592b1d123,3.489
76499.000,337,227,2527.060,3072,0.0681508,2013-03-02 22:01:57,b214f53e41a41ebdba39c5c592b1dc73,0.427
817236.000,828,987,2527.060,3072,0.206114,2013-03-02 22:00:35,b214f53e41a41ebdba39c5c592b208dd,1.964
148960.000,760,196,2527.060,3072,0.100668,2013-03-02 21:59:15,b214f53e41a41ebdba39c5c592b245c9,0.678
495864.000,873,568,2527.060,3072,9.28957,2013-03-02 21:59:09,b214f53e41a41ebdba39c5c592b245f6,10.417
317072.000,596,532,2527.060,3072,5.76023,2013-03-02 21:58:22,b214f53e41a41ebdba39c5c592b25a3e,3.205
526603.000,539,977,2527.060,3072,0.182082,2013-03-02 21:57:49,b214f53e41a41ebdba39c5c592b25d2e,0.199
108204.000,213,508,2527.060,3072,0.154561,2013-03-02 21:56:25,b214f53e41a41ebdba39c5c592b2a7d1,0.537
11148.000,12,929,2527.060,3072,0.159019,2013-03-02 21:56:09,b214f53e41a41ebdba39c5c592b2bf18,0.201
242000.000,484,500,2527.060,3072,0.164692,2013-03-02 21:55:30,b214f53e41a41ebdba39c5c592b2e0d2,1.001
593628.000,777,764,2527.060,3072,17.4357,2013-03-02 21:55:08,b214f53e41a41ebdba39c5c592b2fd5f,3.924
67425.000,145,465,2527.060,3072,0.152864,2013-03-02 21:53:55,b214f53e41a41ebdba39c5c592b2fe5c,0.396
170355.000,205,831,2527.060,3072,0.163593,2013-03-02 21:52:03,b214f53e41a41ebdba39c5c592b316d3,0.752
13770.000,15,918,2527.060,3072,0.159864,2013-03-02 21:51:56,b214f53e41a41ebdba39c5c592b31d3a,0.210
437775.000,449,975,2527.060,3072,0.178592,2013-03-02 21:51:48,b214f53e41a41ebdba39c5c592b320f9,0.113
102129.000,177,577,2527.060,3072,0.158665,2013-03-02 21:51:27,b214f53e41a41ebdba39c5c592b33118,0.516
550375.000,595,925,2527.060,3072,0.187053,2013-03-02 21:51:20,b214f53e41a41ebdba39c5c592b3388a,-0.221
300682.000,298,1009,2527.060,3072,0.11393,2013-03-02 21:45:56,b214f53e41a41ebdba39c5c592b3e913,0.899
119793.000,547,219,2527.060,3072,0.0645928,2013-03-02 21:45:50,b214f53e41a41ebdba39c5c592b3ee52,0.577
607716.000,993,612,2527.060,3072,10.3536,2013-03-02 21:45:41,b214f53e41a41ebdba39c5c592b3f4c2,13.034
279682.000,403,694,2527.060,3072,0.112019,2013-03-02 21:44:57,b214f53e41a41ebdba39c5c592b3f993,1.133
235750.000,250,943,2527.060,3072,0.109446,2013-03-02 21:43:56,b214f53e41a41ebdba39c5c592b42266,0.979
122341.000,137,893,2527.060,3072,0.106407,2013-03-02 21:43:31,b214f53e41a41ebdba39c5c592b44c48,0.586
195308.000,314,622,2527.060,3072,0.103472,2013-03-02 21:43:16,b214f53e41a41ebdba39c5c592b45350,0.839
164680.000,895,184,2527.060,3072,0.0628551,2013-03-02 21:42:59,b214f53e41a41ebdba39c5c592b46b0f,0.733
275766.000,779,354,2527.060,3072,0.927325,2013-03-02 21:42:31,b214f53e41a41ebdba39c5c592b47ced,1.640
30375.000,675,45,2527.060,3072,0.100667,2013-03-02 21:41:05,b214f53e41a41ebdba39c5c592b49fb5,0.268
313626.000,626,501,2527.060,3072,3.85561,2013-03-02 21:40:43,b214f53e41a41ebdba39c5c592b4ba39,3.381
138480.000,240,577,2527.060,3072,0.100997,2013-03-02 21:40:18,b214f53e41a41ebdba39c5c592b4d0cd,0.642
261900.000,970,270,2527.060,3072,0.193235,2013-03-02 21:40:08,b214f53e41a41ebdba39c5c592b4e5c9,1.069
246600.000,450,548,2527.060,3072,0.106073,2013-03-02 21:40:00,b214f53e41a41ebdba39c5c592b4f528,1.016
50083.000,157,319,2527.060,3072,0.0955389,2013-03-02 21:37:56,b214f53e41a41ebdba39c5c592b5658c,0.336
12142.000,934,13,2527.060,3072,0.000511848,2013-03-02 21:37:18,b214f53e41a41ebdba39c5c592b586a9,0.205
190960.000,217,880,2527.060,3072,0.106728,2013-03-02 21:36:25,b214f53e41a41ebdba39c5c592b59d67,0.824
17510.000,85,206,2527.060,3072,0.0934637,2013-03-02 21:35:56,b214f53e41a41ebdba39c5c592b5b7c3,0.223
497912.000,571,872,2527.060,3072,0.122415,2013-03-02 21:35:30,b214f53e41a41ebdba39c5c592b5c030,-0.797
147132.000,732,201,2527.060,3072,0.0666773,2013-03-02 21:35:25,b214f53e41a41ebdba39c5c592b5c75b,0.672
699702.000,831,842,2527.060,3072,0.140759,2013-03-02 21:32:29,b214f53e41a41ebdba39c5c592b62043,7.159
917715.000,965,951,2527.060,3072,29.769,2013-03-02 21:31:26,b214f53e41a41ebdba39c5c592b64bfb,20.593
5808.000,44,132,2527.060,3072,0.0964918,2013-03-02 21:29:18,b214f53e41a41ebdba39c5c592b65002,0.183
42966.000,217,198,2527.060,3072,0.0192276,2013-03-02 21:29:13,b214f53e41a41ebdba39c5c592b657a9,0.311
1015026.000,1013,1002,2527.060,3072,34.8299,2013-03-02 21:28:55,b214f53e41a41ebdba39c5c592b675a4,28.947
629455.000,655,961,2527.060,3072,0.131893,2013-03-02 21:25:45,b214f53e41a41ebdba39c5c592b6a2a9,0.633
499220.000,545,916,2527.060,3072,0.122662,2013-03-02 21:24:20,b214f53e41a41ebdba39c5c592b6fcc7,-0.474
186276.000,817,228,2527.060,3072,0.103265,2013-03-02 21:23:57,b214f53e41a41ebdba39c5c592b710e3,0.808
251995.000,499,505,2527.060,3072,0.111975,2013-03-02 21:23:20,b214f53e41a41ebdba39c5c592b72f4a,1.035
490560.000,1022,480,2527.060,3072,5.45431,2013-03-02 21:22:13,b214f53e41a41ebdba39c5c592b7657a,8.051
72072.000,182,396,2527.060,3072,0.0979756,2013-03-02 21:21:49,b214f53e41a41ebdba39c5c592b773a8,0.412
82935.000,171,485,2527.060,3072,0.0999274,2013-03-02 21:21:34,b214f53e41a41ebdba39c5c592b78947,0.450
335592.000,948,354,2527.060,3072,1.1702,2013-03-02 21:21:29,b214f53e41a41ebdba39c5c592b78cf5,1.952
294203.000,371,793,2527.060,3072,0.1127,2013-03-02 21:21:17,b214f53e41a41ebdba39c5c592b79479,0.677
377706.000,483,782,2527.060,3072,0.116737,2013-03-02 21:21:13,b214f53e41a41ebdba39c5c592b79ed2,0.086
130351.000,481,271,2660.026,6144,1.86249,2013-03-03 08:26:52,b214f53e41a41ebdba39c5c592b8914b,0.614
644746.000,893,722,2660.026,6144,47.1989,2013-03-03 08:15:16,b214f53e41a41ebdba39c5c592b8cefb,22.926
295286.000,773,382,2660.026,6144,7.21888,2013-03-03 08:11:51,b214f53e41a41ebdba39c5c592b8d2b6,3.715
915320.000,980,934,2660.026,6144,62.5392,2013-03-03 08:11:13,b214f53e41a41ebdba39c5c592b8e0d3,26.697
162525.000,165,985,2660.026,6144,1.27985,2013-03-03 08:04:50,b214f53e41a41ebdba39c5c592b90454,0.725
389128.000,383,1016,2660.026,6144,1.36958,2013-03-03 08:03:55,b214f53e41a41ebdba39c5c592b939a2,-0.332
451806.000,586,771,2660.026,6144,0.128336,2013-03-03 08:03:34,b214f53e41a41ebdba39c5c592b95176,4.316
62748.000,83,756,2660.026,6144,1.20467,2013-03-03 08:02:27,b214f53e41a41ebdba39c5c592b97655,0.380
868635.000,873,995,2660.026,6144,1.50269,2013-03-03 08:02:12,b214f53e41a41ebdba39c5c592b97fd6,-3.383
2660.000,140,19,2660.026,6144,-0.00898073,2013-03-03 08:01:56,b214f53e41a41ebdba39c5c592b983ce,0.172
598104.000,702,852,2660.026,6144,1.38532,2013-03-03 08:01:42,b214f53e41a41ebdba39c5c592b98fdc,4.740
58546.000,73,802,2660.026,6144,1.14701,2013-03-03 08:00:28,b214f53e41a41ebdba39c5c592b9c284,0.365
44296.000,226,196,2660.026,6144,0.431122,2013-03-03 08:00:14,b214f53e41a41ebdba39c5c592b9d143,0.316
819228.000,932,879,2660.026,6144,30.8097,2013-03-03 07:59:03,b214f53e41a41ebdba39c5c592ba009e,31.890
122007.000,607,201,2660.026,6144,1.1282,2013-03-03 07:54:22,b214f53e41a41ebdba39c5c592ba0a19,0.585
152660.000,170,898,2660.026,6144,1.34444,2013-03-03 07:52:14,b214f53e41a41ebdba39c5c592ba2134,0.691
15343.000,229,67,2660.026,6144,0.00164018,2013-03-03 07:50:55,b214f53e41a41ebdba39c5c592ba482c,0.216
84040.000,88,955,2660.026,6144,1.24281,2013-03-03 07:49:14,b214f53e41a41ebdba39c5c592ba802a,0.454
267330.000,570,469,2660.026,6144,9.75026,2013-03-03 07:48:31,b214f53e41a41ebdba39c5c592baa0d1,1.088
180978.000,834,217,2660.026,6144,1.85614,2013-03-03 07:47:29,b214f53e41a41ebdba39c5c592baaeb7,0.789
196880.000,460,428,2660.026,6144,6.09782,2013-03-03 07:47:12,b214f53e41a41ebdba39c5c592bab5f0,0.844
354467.000,493,719,2660.026,6144,1.2337,2013-03-03 07:46:35,b214f53e41a41ebdba39c5c592babe28,3.054
504738.000,702,719,2660.026,6144,1.38446,2013-03-03 07:45:37,b214f53e41a41ebdba39c5c592badfa1,8.960
21664.000,32,677,2660.026,6144,1.07412,2013-03-03 07:45:06,b214f53e41a41ebdba39c5c592baface,0.237
698455.000,857,815,2660.026,6144,54.507,2013-03-03 07:44:34,b214f53e41a41ebdba39c5c592bb1400,19.572
939918.000,973,966,2660.026,6144,51.8075,2013-03-03 07:39:52,b214f53e41a41ebdba39c5c592bb2f37,19.113
122034.000,258,473,2660.026,6144,1.07756,2013-03-03 07:33:42,b214f53e41a41ebdba39c5c592bb3e27,0.585
151776.000,279,544,2660.026,6144,1.15691,2013-03-03 07:30:25,b214f53e41a41ebdba39c5c592bb6941,0.688
345184.000,536,644,2660.026,6144,1.24671,2013-03-03 07:29:28,b214f53e41a41ebdba39c5c592bb96b5,4.093
65184.000,97,672,2660.026,6144,1.13909,2013-03-03 07:29:13,b214f53e41a41ebdba39c5c592bba2d8,0.388
189336.000,686,276,2660.026,6144,2.77941,2013-03-03 07:27:18,b214f53e41a41ebdba39c5c592bbc290,0.818
69500.000,278,250,2660.026,6144,0.909643,2013-03-03 07:22:56,b214f53e41a41ebdba39c5c592bbdfea,0.403
279531.000,357,783,2660.026,6144,1.30701,2013-03-03 07:21:41,b214f53e41a41ebdba39c5c592bbf57b,1.136
206775.000,225,919,2660.026,6144,1.24514,2013-03-03 07:21:27,b214f53e41a41ebdba39c5c592bbfcdf,0.879
121770.000,410,297,2660.026,6144,1.96565,2013-03-03 07:20:58,b214f53e41a41ebdba39c5c592bc165b,0.584
68970.000,418,165,2660.026,6144,0.542189,2013-03-03 07:20:08,b214f53e41a41ebdba39c5c592bc37b2,0.401
179214.000,238,753,2660.026,6144,1.14494,2013-03-03 07:19:37,b214f53e41a41ebdba39c5c592bc3a40,0.783
427200.000,890,480,2660.026,6144,15.0253,2013-03-03 07:19:17,b214f53e41a41ebdba39c5c592bc501d,10.653
13464.000,792,17,2660.026,6144,0.0112972,2013-03-03 07:17:39,b214f53e41a41ebdba39c5c592bc764e,0.209
106392.000,132,806,2660.026,6144,1.13137,2013-03-03 07:17:10,b214f53e41a41ebdba39c5c592bc8c8d,0.531
7722.000,22,351,2660.026,6144,1.02984,2013-03-03 07:15:16,b214f53e41a41ebdba39c5c592bca3fe,0.189
285285.000,385,741,2660.026,6144,1.2433,2013-03-03 07:12:19,b214f53e41a41ebdba39c5c592bcbe58,1.308
154896.000,922,168,2660.026,6144,1.17194,2013-03-03 07:12:05,b214f53e41a41ebdba39c5c592bcc9c9,0.699
143370.000,162,885,2660.026,6144,1.32894,2013-03-03 07:10:12,b214f53e41a41ebdba39c5c592bcf30b,0.659
797413.000,887,899,2660.026,6144,1.47643,2013-03-03 07:08:22,b214f53e41a41ebdba39c5c592bd0df0,17.292
516655.000,955,541,2660.026,6144,25.2894,2013-03-03 07:08:06,b214f53e41a41ebdba39c5c592bd0e25,13.823
32130.000,238,135,2660.026,6144,0.211009,2013-03-03 07:05:39,b214f53e41a41ebdba39c5c592bd24ee,0.274
51888.000,282,184,2660.026,6144,0.458957,2013-03-03 07:02:54,b214f53e41a41ebdba39c5c592bd681c,0.342
178296.000,408,437,2660.026,6144,1.1882,2013-03-03 07:01:53,b214f53e41a41ebdba39c5c592bd8587,0.780
155267.000,541,287,2660.026,6144,2.45031,2013-03-03 07:01:39,b214f53e41a41ebdba39c5c592bd8eb5,0.700
461188.000,724,637,2660.026,6144,2.35767,2013-03-03 07:00:21,b214f53e41a41ebdba39c5c592bd9b22,10.739
38148.000,748,51,2660.026,6144,1.04018,2013-03-03 06:54:57,b214f53e41a41ebdba39c5c592bde703,0.295
5940.000,660,9,2660.026,6144,-0.000475121,2013-03-03 06:54:10,b214f53e41a41ebdba39c5c592bdf0e1,0.183
48300.000,350,138,2660.026,6144,0.310831,2013-03-03 06:53:20,b214f53e41a41ebdba39c5c592be1ad2,0.330
386056.000,902,428,2660.026,6144,23.609,2013-03-03 06:50:03,b214f53e41a41ebdba39c5c592be4e49,7.729
475600.000,820,580,2660.026,6144,5.13338,2013-03-03 06:48:06,b214f53e41a41ebdba39c5c592be5b3f,14.223
276507.000,627,441,2660.026,6144,1.40831,2013-03-03 06:41:30,b214f53e41a41ebdba39c5c592be80f8,1.673
78358.000,406,193,2660.026,6144,1.33229,2013-03-03 06:40:20,b214f53e41a41ebdba39c5c592be8292,0.434
278350.000,586,475,2660.026,6144,21.6413,2013-03-03 06:39:53,b214f53e41a41ebdba39c5c592be87e9,1.751
269568.000,351,768,2660.026,6144,2.56498,2013-03-03 06:38:04,b214f53e41a41ebdba39c5c592be91b4,1.096
206756.000,814,254,2660.026,6144,5.36177,2013-03-03 06:34:03,b214f53e41a41ebdba39c5c592beba6e,0.879
295948.000,307,964,2660.026,6144,0.503435,2013-03-03 06:29:33,b214f53e41a41ebdba39c5c592bedc8c,0.803
148509.000,261,569,2660.026,6144,1.14683,2013-03-03 06:28:31,b214f53e41a41ebdba39c5c592beeeeb,0.677
609561.000,761,801,2660.026,6144,1.54976,2013-03-03 06:28:00,b214f53e41a41ebdba39c5c592bf08cb,8.094
27132.000,57,476,2660.026,6144,1.13543,2013-03-03 06:27:29,b214f53e41a41ebdba39c5c592bf12e0,0.256
465610.000,505,922,2660.026,6144,1.37908,2013-03-03 06:27:15,b214f53e41a41ebdba39c5c592bf19fe,0.559
36652.000,374,98,2660.026,6144,1.1346,2013-03-03 06:26:44,b214f53e41a41ebdba39c5c592bf2144,0.289
85090.000,670,127,2660.026,6144,1.2065,2013-03-03 06:24:54,b214f53e41a41ebdba39c5c592bf4391,0.457
237168.000,488,486,2660.026,6144,9.52214,2013-03-03 06:23:59,b214f53e41a41ebdba39c5c592bf5651,0.984
34650.000,210,165,2660.026,6144,0.0266089,2013-03-03 06:22:22,b214f53e41a41ebdba39c5c592bf5d34,0.282
526806.000,518,1017,2660.026,6144,1.37845,2013-03-03 06:21:40,b214f53e41a41ebdba39c5c592bf72d4,-1.355
157728.000,186,848,2660.026,6144,1.15454,2013-03-03 06:21:25,b214f53e41a41ebdba39c5c592bf7b62,0.709
442510.000,685,646,2660.026,6144,27.3558,2013-03-03 06:15:26,b214f53e41a41ebdba39c5c592bf9a85,9.164
14457.000,183,79,2660.026,6144,0.0146795,2013-03-03 06:12:54,b214f53e41a41ebdba39c5c592bfbac1,0.213
173548.000,1009,172,2660.026,6144,1.47384,2013-03-03 06:12:15,b214f53e41a41ebdba39c5c592bfc18e,0.763
404361.000,753,537,2660.026,6144,18.8914,2013-03-03 06:11:59,b214f53e41a41ebdba39c5c592bfc815,10.669
159236.000,658,242,2660.026,6144,0.18606,2013-03-03 06:04:14,b214f53e41a41ebdba39c5c592bffe62,0.714
163658.000,473,346,2660.026,6144,3.36862,2013-03-03 06:03:03,b214f53e41a41ebdba39c5c592c00b5c,0.729
74128.000,328,226,2660.026,6144,0.843627,2013-03-03 05:56:37,b214f53e41a41ebdba39c5c592c02413,0.419
115240.000,134,860,2660.026,6144,1.15834,2013-03-03 05:54:28,b214f53e41a41ebdba39c5c592c03fed,0.562
19488.000,87,224,2660.026,6144,1.01166,2013-03-03 05:54:14,b214f53e41a41ebdba39c5c592c04f55,0.230
31084.000,38,818,2660.026,6144,1.14605,2013-03-03 05:45:54,b214f53e41a41ebdba39c5c592c09aa5,0.270
139872.000,564,248,2660.026,6144,1.73965,2013-03-03 05:45:38,b214f53e41a41ebdba39c5c592c0a813,0.647
468684.000,564,831,2660.026,6144,1.27269,2013-03-03 05:45:07,b214f53e41a41ebdba39c5c592c0b5cd,2.445
162132.000,916,177,2660.026,6144,1.37116,2013-03-03 05:43:32,b214f53e41a41ebdba39c5c592c0e186,0.724
92718.000,459,202,2660.026,6144,0.746393,2013-03-03 05:41:56,b214f53e41a41ebdba39c5c592c0f522,0.484
173888.000,832,209,2660.026,6144,1.74879,2013-03-03 05:41:08,b214f53e41a41ebdba39c5c592c1077c,0.765
58368.000,912,64,2660.026,6144,1.031,2013-03-03 05:38:22,b214f53e41a41ebdba39c5c592c11ab0,0.365
134748.000,394,342,2660.026,6144,2.80887,2013-03-03 05:38:08,b214f53e41a41ebdba39c5c592c120e1,0.629
51156.000,87,588,2660.026,6144,1.13928,2013-03-03 05:36:07,b214f53e41a41ebdba39c5c592c155b0,0.340
135405.000,1003,135,2660.026,6144,0.0838867,2013-03-03 05:35:56,b214f53e41a41ebdba39c5c592c16222,0.631
212772.000,238,894,2660.026,6144,0.12489,2013-03-03 05:35:52,b214f53e41a41ebdba39c5c592c1653c,0.899
102752.000,676,152,2660.026,6144,0.464695,2013-03-03 05:35:47,b214f53e41a41ebdba39c5c592c16cbb,0.518
160648.000,172,934,2660.026,6144,1.33789,2013-03-03 05:35:12,b214f53e41a41ebdba39c5c592c170d6,0.719
215107.000,857,251,2660.026,6144,2.75683,2013-03-03 05:34:42,b214f53e41a41ebdba39c5c592c17cfc,0.907
35616.000,212,168,2660.026,6144,0.281836,2013-03-03 05:29:23,b214f53e41a41ebdba39c5c592c1b01b,0.286
148512.000,884,168,2660.026,6144,1.13224,2013-03-03 05:28:36,b214f53e41a41ebdba39c5c592c1b982,0.677
44712.000,72,621,2660.026,6144,1.14305,2013-03-03 05:28:00,b214f53e41a41ebdba39c5c592c1cbe0,0.317
408940.000,644,635,2660.026,6144,25.0704,2013-03-03 05:27:31,b214f53e41a41ebdba39c5c592c1d89a,7.609
1976.000,152,13,2660.026,6144,-0.0038692,2013-03-03 05:25:11,b214f53e41a41ebdba39c5c592c1ec13,0.169
9720.000,162,60,2660.026,6144,-0.000455692,2013-03-03 05:24:57,b214f53e41a41ebdba39c5c592c1fab4,0.196
10050.000,335,30,2660.026,6144,-0.155061,2013-03-03 05:24:39,b214f53e41a41ebdba39c5c592c2088e,0.197
40334.000,469,86,2660.026,6144,1.03395,2013-03-03 05:18:25,b214f53e41a41ebdba39c5c592c23cf1,0.302
100091.000,991,101,2660.026,6144,1.21189,2013-03-03 05:14:33,b214f53e41a41ebdba39c5c592c25a67,0.509
638970.000,885,722,2660.026,6144,4.26074,2013-03-03 05:08:37,b214f53e41a41ebdba39c5c592c28c7a,21.945
28120.000,296,95,2660.026,6144,1.20503,2013-03-03 05:01:14,b214f53e41a41ebdba39c5c592c2a3bb,0.260
193680.000,538,360,2660.026,6144,4.10275,2013-03-03 05:00:44,b214f53e41a41ebdba39c5c592c2b046,0.833
114954.000,119,966,2660.026,6144,1.22186,2013-03-03 04:57:09,b214f53e41a41ebdba39c5c592c2d821,0.561
206140.000,937,220,2660.026,6144,2.16647,2013-03-03 04:55:42,b214f53e41a41ebdba39c5c592c2f53c,0.876
543996.000,621,876,2660.026,6144,1.3937,2013-03-03 04:52:45,b214f53e41a41ebdba39c5c592c30769,2.557
648531.000,897,723,2660.026,6144,4.92412,2013-03-03 04:52:16,b214f53e41a41ebdba39c5c592c3160f,23.477
761859.000,973,783,2660.026,6144,7.23325,2013-03-03 04:45:05,b214f53e41a41ebdba39c5c592c339f6,35.405
67626.000,867,78,2660.026,6144,1.18793,2013-03-03 04:40:36,b214f53e41a41ebdba39c5c592c361aa,0.397
289168.000,496,583,2660.026,6144,-0.0197232,2013-03-03 04:39:52,b214f53e41a41ebdba39c5c592c36258,2.064
41220.000,60,687,2660.026,6144,1.12368,2013-03-03 04:38:38,b214f53e41a41ebdba39c5c592c38ff4,0.305
138483.000,207,669,2660.026,6144,1.08122,2013-03-03 04:38:24,b214f53e41a41ebdba39c5c592c3923c,0.642
126312.000,152,831,2660.026,6144,1.39246,2013-03-03 04:37:04,b214f53e41a41ebdba39c5c592c3c4f3,0.600
32224.000,212,152,2660.026,6144,0.240757,2013-03-03 04:35:43,b214f53e41a41ebdba39c5c592c3d2c6,0.274
9400.000,188,50,2660.026,6144,0.0107522,2013-03-03 04:33:30,b214f53e41a41ebdba39c5c592c3fb1f,0.195
291669.000,731,399,2660.026,6144,7.66676,2013-03-03 04:30:21,b214f53e41a41ebdba39c5c592c41432,3.228
87792.000,354,248,2660.026,6144,0.105726,2013-03-03 04:28:46,b214f53e41a41ebdba39c5c592c41d0b,0.466
169644.000,633,268,2660.026,6144,1.41854,2013-03-03 04:28:41,b214f53e41a41ebdba39c5c592c421ea,0.750
340233.000,381,893,2660.026,6144,1.25896,2013-03-03 04:28:23,b214f53e41a41ebdba39c5c592c4294d,0.725
623392.000,968,644,2660.026,6144,37.0624,2013-03-03 04:22:51,b214f53e41a41ebdba39c5c592c45a94,22.312
3530.000,5,706,2660.026,6144,1.12504,2013-03-03 04:16:33,b214f53e41a41ebdba39c5c592c4919c,0.175
150288.000,186,808,2660.026,6144,1.1502,2013-03-03 04:16:06,b214f53e41a41ebdba39c5c592c4a870,0.683
8284.000,38,218,2660.026,6144,1.02414,2013-03-03 04:15:36,b214f53e41a41ebdba39c5c592c4b887,0.191
672600.000,885,760,2660.026,6144,16.5708,2013-03-03 04:14:23,b214f53e41a41ebdba39c5c592c4d08f,23.496
3465.000,105,33,2660.026,6144,-0.000747395,2013-03-03 04:11:52,b214f53e41a41ebdba39c5c592c4db37,0.174
144540.000,495,292,2660.026,6144,2.21817,2013-03-03 04:11:39,b214f53e41a41ebdba39c5c592c4e370,0.663
639288.000,936,683,2660.026,6144,41.8448,2013-03-03 04:06:28,b214f53e41a41ebdba39c5c592c5137b,24.951
37895.000,715,53,2660.026,6144,1.19176,2013-03-03 04:02:53,b214f53e41a41ebdba39c5c592c521be,0.294
583050.000,650,897,2660.026,6144,1.45447,2013-03-03 04:02:24,b214f53e41a41ebdba39c5c592c53528,2.496
9135.000,15,609,2660.026,6144,1.25699,2013-03-03 04:00:07,b214f53e41a41ebdba39c5c592c53f6f,0.194
299460.000,966,310,2660.026,6144,5.18134,2013-03-03 03:59:07,b214f53e41a41ebdba39c5c592c55b30,2.056
93233.000,133,701,2660.026,6144,1.14287,2013-03-03 03:57:15,b214f53e41a41ebdba39c5c592c5626c,0.485
246906.000,638,387,2660.026,6144,6.24488,2013-03-03 03:56:17,b214f53e41a41ebdba39c5c592c58006,1.018
9928.000,68,146,2660.026,6144,1.0245,2013-03-03 03:55:13,b214f53e41a41ebdba39c5c592c59ce5,0.197
156221.000,793,197,2660.026,6144,1.50486,2013-03-03 03:54:45,b214f53e41a41ebdba39c5c592c5aadb,0.703
1236.000,309,4,2660.026,6144,-2.59876e-05,2013-03-03 03:53:29,b214f53e41a41ebdba39c5c592c5af28,0.167
1035.000,345,3,2660.026,6144,0.00989122,2013-03-03 03:53:16,b214f53e41a41ebdba39c5c592c5b05f,0.166
412022.000,598,689,2660.026,6144,1.37989,2013-03-03 03:42:42,b214f53e41a41ebdba39c5c592c5eb0a,5.947
558110.000,938,595,2660.026,6144,2.5742,2013-03-03 03:39:35,b214f53e41a41ebdba39c5c592c6327d,17.712
332748.000,948,351,2660.026,6144,5.32824,2013-03-03 03:38:03,b214f53e41a41ebdba39c5c592c642da,3.145
41496.000,56,741,2660.026,6144,1.24043,2013-03-03 03:29:32,b214f53e41a41ebdba39c5c592c66431,0.306
270825.000,471,575,2660.026,6144,1.13946,2013-03-03 03:24:28,b214f53e41a41ebdba39c5c592c6b1c0,1.158
316443.000,1011,313,2660.026,6144,5.5087,2013-03-03 03:24:14,b214f53e41a41ebdba39c5c592c6bed9,3.267
8126.000,478,17,2660.026,6144,0.000457811,2013-03-03 03:23:42,b214f53e41a41ebdba39c5c592c6c2b6,0.191
133848.000,572,234,2660.026,6144,1.60039,2013-03-03 03:22:51,b214f53e41a41ebdba39c5c592c6dbf8,0.626
286116.000,452,633,2660.026,6144,1.15828,2013-03-03 03:22:35,b214f53e41a41ebdba39c5c592c6e011,1.718
35280.000,144,245,2660.026,6144,0.10633,2013-03-03 03:20:11,b214f53e41a41ebdba39c5c592c73346,0.285
128312.000,373,344,2660.026,6144,2.90165,2013-03-03 03:17:51,b214f53e41a41ebdba39c5c592c75325,0.607
366265.000,527,695,2660.026,6144,-0.0129357,2013-03-03 03:14:58,b214f53e41a41ebdba39c5c592c79257,3.936
621796.000,838,742,2660.026,6144,49.0278,2013-03-03 03:14:26,b214f53e41a41ebdba39c5c592c7a46a,16.551
818296.000,932,878,2660.026,6144,30.5762,2013-03-03 03:10:58,b214f53e41a41ebdba39c5c592c7a71a,32.114
715155.000,973,735,2660.026,6144,17.316,2013-03-03 03:05:08,b214f53e41a41ebdba39c5c592c7b6d8,30.550
188170.000,310,607,2660.026,6144,1.37337,2013-03-03 03:01:53,b214f53e41a41ebdba39c5c592c7bf4a,0.814
80124.000,607,132,2660.026,6144,0.479596,2013-03-03 03:01:24,b214f53e41a41ebdba39c5c592c7c797,0.440
147702.000,206,717,2660.026,6144,1.23499,2013-03-03 03:00:41,b214f53e41a41ebdba39c5c592c7d9cc,0.674
189732.000,978,194,2660.026,6144,1.73208,2013-03-03 02:55:48,b214f53e41a41ebdba39c5c592c7ff90,0.820
371124.000,676,549,2660.026,6144,1.60128,2013-03-03 02:50:58,b214f53e41a41ebdba39c5c592c811cf,7.685
578340.000,567,1020,2660.026,6144,1.47843,2013-03-03 02:50:20,b214f53e41a41ebdba39c5c592c82032,-1.646
510573.000,593,861,2660.026,6144,1.47817,2013-03-03 02:50:05,b214f53e41a41ebdba39c5c592c820f0,2.425
512187.000,897,571,2660.026,6144,25.8197,2013-03-03 02:49:36,b214f53e41a41ebdba39c5c592c82ff1,15.387
458712.000,554,828,2660.026,6144,1.37766,2013-03-03 02:37:59,b214f53e41a41ebdba39c5c592c8a786,2.334
464508.000,506,918,2660.026,6144,1.44693,2013-03-03 02:35:04,b214f53e41a41ebdba39c5c592c8cbff,0.626
205442.000,739,278,2660.026,6144,3.0512,2013-03-03 02:34:33,b214f53e41a41ebdba39c5c592c8d8af,0.874
25564.000,581,44,2660.026,6144,1.03801,2013-03-03 02:33:23,b214f53e41a41ebdba39c5c592c8fd2c,0.251
212686.000,551,386,2660.026,6144,3.20239,2013-03-03 02:33:09,b214f53e41a41ebdba39c5c592c90610,0.899
655128.000,972,674,2660.026,6144,43.7691,2013-03-03 02:25:26,b214f53e41a41ebdba39c5c592c91e26,24.889
692076.000,924,749,2660.026,6144,53.7257,2013-03-03 02:20:41,b214f53e41a41ebdba39c5c592c925ee,29.157
63710.000,277,230,2660.026,6144,0.734117,2013-03-03 02:14:02,b214f53e41a41ebdba39c5c592c95094,0.383
557655.000,791,705,2660.026,6144,3.36851,2013-03-03 02:11:44,b214f53e41a41ebdba39c5c592c9942c,12.780
987747.000,1011,977,2660.026,6144,19.6949,2013-03-03 02:10:09,b214f53e41a41ebdba39c5c592c9ad63,26.116
904397.000,953,949,2660.026,6144,40.532,2013-03-03 02:03:32,b214f53e41a41ebdba39c5c592c9c5bb,20.155
151536.000,656,231,2660.026,6144,1.64278,2013-03-03 01:58:22,b214f53e41a41ebdba39c5c592c9c7a3,0.687
284430.000,285,998,2660.026,6144,1.37574,2013-03-03 01:58:06,b214f53e41a41ebdba39c5c592c9caab,0.902
448560.000,560,801,2660.026,6144,1.26495,2013-03-03 01:57:37,b214f53e41a41ebdba39c5c592c9db1e,2.993
58900.000,95,620,2660.026,6144,0.119542,2013-03-03 01:56:22,b214f53e41a41ebdba39c5c592c9f88b,0.366
84952.000,574,148,2660.026,6144,0.58898,2013-03-03 01:55:41,b214f53e41a41ebdba39c5c592ca0f9b,0.457
16638.000,177,94,2660.026,6144,0.0126664,2013-03-03 01:55:09,b214f53e41a41ebdba39c5c592ca1c48,0.220
356922.000,474,753,2660.026,6144,1.26243,2013-03-03 01:54:40,b214f53e41a41ebdba39c5c592ca2245,2.456
114760.000,152,755,2660.026,6144,1.19141,2013-03-03 01:53:46,b214f53e41a41ebdba39c5c592ca3eee,0.560
50400.000,160,315,2660.026,6144,1.0197,2013-03-03 01:53:32,b214f53e41a41ebdba39c5c592ca495b,0.337
316921.000,517,613,2660.026,6144,1.26539,2013-03-03 01:52:05,b214f53e41a41ebdba39c5c592ca65af,3.211
920260.000,979,940,2660.026,6144,27.8935,2013-03-03 01:51:50,b214f53e41a41ebdba39c5c592ca6a65,25.481
392283.000,501,783,2660.026,6144,0.128601,2013-03-03 01:46:33,b214f53e41a41ebdba39c5c592ca6b8c,2.462
36036.000,63,572,2660.026,6144,1.03069,2013-03-03 01:40:07,b214f53e41a41ebdba39c5c592cacc59,0.287
306881.000,397,773,2660.026,6144,0.125052,2013-03-03 01:38:23,b214f53e41a41ebdba39c5c592caf7d9,1.391
21500.000,860,25,2660.026,6144,1.14964,2013-03-03 01:30:51,b214f53e41a41ebdba39c5c592cb2e7a,0.237
301875.000,625,483,2660.026,6144,12.6182,2013-03-03 01:24:05,b214f53e41a41ebdba39c5c592cb738c,3.521
16376.000,92,178,2660.026,6144,1.02227,2013-03-03 01:22:29,b214f53e41a41ebdba39c5c592cb81d5,0.219
174798.000,234,747,2660.026,6144,1.23944,2013-03-03 01:20:09,b214f53e41a41ebdba39c5c592cbaa9d,0.768
279186.000,589,474,2660.026,6144,10.1788,2013-03-03 01:18:58,b214f53e41a41ebdba39c5c592cbded5,1.817
311328.000,368,846,2660.026,6144,1.46657,2013-03-03 01:17:23,b214f53e41a41ebdba39c5c592cbebff,0.960
66650.000,86,775,2660.026,6144,1.38988,2013-03-03 01:14:03,b214f53e41a41ebdba39c5c592cc0e88,0.393
191040.000,597,320,2660.026,6144,3.60281,2013-03-03 01:10:12,b214f53e41a41ebdba39c5c592cc390f,0.824
505895.000,559,905,2660.026,6144,1.46613,2013-03-03 01:09:31,b214f53e41a41ebdba39c5c592cc4dde,1.201
23968.000,224,107,2660.026,6144,0.13664,2013-03-03 01:09:16,b214f53e41a41ebdba39c5c592cc5d4b,0.245
393132.000,724,543,2660.026,6144,1.65988,2013-03-03 01:08:19,b214f53e41a41ebdba39c5c592cc6d38,9.550
240555.000,553,435,2660.026,6144,7.40333,2013-03-03 01:07:34,b214f53e41a41ebdba39c5c592cc8a45,0.996
30084.000,138,218,2660.026,6144,1.01629,2013-03-03 01:06:22,b214f53e41a41ebdba39c5c592cc98d2,0.267
1488.000,372,4,2660.026,6144,-0.00841742,2013-03-03 01:06:08,b214f53e41a41ebdba39c5c592cca6d1,0.168
220286.000,527,418,2660.026,6144,6.81941,2013-03-03 01:05:19,b214f53e41a41ebdba39c5c592ccc90e,0.925
158696.000,664,239,2660.026,6144,1.96577,2013-03-03 01:02:06,b214f53e41a41ebdba39c5c592ccddaf,0.712
30602.000,143,214,2660.026,6144,1.0369,2013-03-03 01:01:48,b214f53e41a41ebdba39c5c592cce944,0.268
67130.000,490,137,2660.026,6144,0.427791,2013-03-03 01:01:21,b214f53e41a41ebdba39c5c592ccfabd,0.395
136850.000,805,170,2660.026,6144,1.03168,2013-03-03 00:59:28,b214f53e41a41ebdba39c5c592cd2493,0.636
122400.000,300,408,2660.026,6144,0.106069,2013-03-03 00:51:29,b214f53e41a41ebdba39c5c592cd68a0,0.586
520290.000,846,615,2660.026,6144,30.2881,2013-03-03 00:49:49,b214f53e41a41ebdba39c5c592cd95ef,15.789
166110.000,226,735,2660.026,6144,0.118309,2013-03-03 00:46:53,b214f53e41a41ebdba39c5c592cda0c8,0.738
616183.000,857,719,2660.026,6144,3.99908,2013-03-03 00:40:15,b214f53e41a41ebdba39c5c592cddbcc,18.623
105768.000,452,234,2660.026,6144,1.14953,2013-03-03 00:38:17,b214f53e41a41ebdba39c5c592cde0e6,0.529
44240.000,79,560,2660.026,6144,1.03491,2013-03-03 00:34:58,b214f53e41a41ebdba39c5c592cdec32,0.316
224288.000,326,688,2660.026,6144,1.21438,2013-03-03 00:33:23,b214f53e41a41ebdba39c5c592ce0914,0.939
29260.000,190,154,2660.026,6144,0.212328,2013-03-03 00:24:11,b214f53e41a41ebdba39c5c592ce6e62,0.264
111160.000,140,794,2660.026,6144,1.2455,2013-03-03 00:23:50,b214f53e41a41ebdba39c5c592ce74f7,0.547
271269.000,459,591,2660.026,6144,1.24738,2013-03-03 00:23:35,b214f53e41a41ebdba39c5c592ce7a29,1.174
152928.000,288,531,2660.026,6144,1.13315,2013-03-03 00:20:38,b214f53e41a41ebdba39c5c592ce9ced,0.692
740685.000,737,1005,2660.026,6144,1.49585,2013-03-03 00:20:10,b214f53e41a41ebdba39c5c592ceabea,-0.880
375859.000,517,727,2660.026,6144,1.27802,2013-03-03 00:19:40,b214f53e41a41ebdba39c5c592ceb992,3.510
168567.000,349,483,2660.026,6144,1.04106,2013-03-03 00:17:39,b214f53e41a41ebdba39c5c592cecbfc,0.746
536305.000,539,995,2660.026,6144,1.38815,2013-03-03 00:14:31,b214f53e41a41ebdba39c5c592ced9bb,-0.878
32452.000,122,266,2660.026,6144,1.15022,2013-03-03 00:14:02,b214f53e41a41ebdba39c5c592cee517,0.275
16830.000,306,55,2660.026,6144,0.0462418,2013-03-03 00:13:48,b214f53e41a41ebdba39c5c592cef16b,0.221
361767.000,483,749,2660.026,6144,1.26612,2013-03-03 00:13:19,b214f53e41a41ebdba39c5c592cefe6c,2.644
49234.000,478,103,2660.026,6144,0.116608,2013-03-03 00:11:50,b214f53e41a41ebdba39c5c592cf1d26,0.333
55400.000,554,100,2660.026,6144,-0.0229312,2013-03-03 00:11:44,b214f53e41a41ebdba39c5c592cf1e37,0.354
516906.000,611,846,2660.026,6144,1.38282,2013-03-03 00:11:17,b214f53e41a41ebdba39c5c592cf2acb,2.984
162259.000,769,211,2660.026,6144,1.60384,2013-03-03 00:11:01,b214f53e41a41ebdba39c5c592cf3640,0.724
597273.000,789,757,2660.026,6144,4.36406,2013-03-03 00:07:57,b214f53e41a41ebdba39c5c592cf59ad,11.073
121260.000,258,470,2660.026,6144,1.13898,2013-03-03 00:05:19,b214f53e41a41ebdba39c5c592cf6e8d,0.582
279774.000,314,891,2660.026,6144,1.28182,2013-03-03 00:04:32,b214f53e41a41ebdba39c5c592cf88fc,1.018
549310.000,674,815,2660.026,6144,1.37944,2013-03-03 00:04:17,b214f53e41a41ebdba39c5c592cf9083,4.891
303502.000,577,526,2660.026,6144,14.381,2013-03-03 00:03:33,b214f53e41a41ebdba39c5c592cf9c95,3.281
17100.000,100,171,2660.026,6144,1.07934,2013-03-03 00:02:08,b214f53e41a41ebdba39c5c592cfafa6,0.222
148896.000,288,517,2660.026,6144,0.111607,2013-03-03 00:00:55,b214f53e41a41ebdba39c5c592cfba2d,0.678
41440.000,370,112,2660.026,6144,1.13526,2013-03-02 23:57:15,b214f53e41a41ebdba39c5c592cffc3f,0.306
304951.000,467,653,2660.026,6144,0.218173,2013-03-02 23:54:21,b214f53e41a41ebdba39c5c592d01f91,2.316
200340.000,252,795,2660.026,6144,0.122472,2013-03-02 23:53:48,b214f53e41a41ebdba39c5c592d02992,0.856
215926.000,1009,214,2660.026,6144,2.17466,2013-03-02 23:53:35,b214f53e41a41ebdba39c5c592d02fe1,0.910
71568.000,1008,71,2660.026,6144,1.04387,2013-03-02 23:53:16,b214f53e41a41ebdba39c5c592d03335,0.410
19456.000,38,512,2660.026,6144,1.03963,2013-03-02 23:48:53,b214f53e41a41ebdba39c5c592d044a5,0.230
19152.000,84,228,2660.026,6144,1.06489,2013-03-02 23:46:41,b214f53e41a41ebdba39c5c592d066ed,0.229
528220.000,539,980,2660.026,6144,1.3701,2013-03-02 23:46:11,b214f53e41a41ebdba39c5c592d06c16,-0.511
511222.000,886,577,2660.026,6144,2.26225,2013-03-02 23:45:14,b214f53e41a41ebdba39c5c592d07292,15.513
642249.000,881,729,2660.026,6144,5.09563,2013-03-02 23:44:07,b214f53e41a41ebdba39c5c592d07ad0,21.725
487071.000,897,543,2660.026,6144,23.7817,2013-03-02 23:41:02,b214f53e41a41ebdba39c5c592d0a17d,13.902
89397.000,473,189,2660.026,6144,0.780114,2013-03-02 23:39:25,b214f53e41a41ebdba39c5c592d0a99c,0.472
74740.000,404,185,2660.026,6144,0.650836,2013-03-02 23:38:24,b214f53e41a41ebdba39c5c592d0be3a,0.421
153564.000,191,804,2660.026,6144,1.23077,2013-03-02 23:37:23,b214f53e41a41ebdba39c5c592d0d37f,0.694
408348.000,796,513,2660.026,6144,1.70849,2013-03-02 23:33:54,b214f53e41a41ebdba39c5c592d0e986,11.889
530208.000,672,789,2660.026,6144,1.25877,2013-03-02 23:32:44,b214f53e41a41ebdba39c5c592d0ef3f,5.911
171870.000,255,674,2660.026,6144,1.20804,2013-03-02 23:32:16,b214f53e41a41ebdba39c5c592d0f674,0.758
334191.000,451,741,2660.026,6144,0.670013,2013-03-02 23:31:47,b214f53e41a41ebdba39c5c592d1040a,2.178
295620.000,379,780,2660.026,6144,1.22217,2013-03-02 23:29:29,b214f53e41a41ebdba39c5c592d10e2f,1.243
225147.000,251,897,2660.026,6144,1.26301,2013-03-02 23:29:15,b214f53e41a41ebdba39c5c592d10fb6,0.942
48552.000,714,68,2660.026,6144,1.13133,2013-03-02 23:28:46,b214f53e41a41ebdba39c5c592d12523,0.331
402426.000,849,474,2660.026,6144,14.9578,2013-03-02 23:27:38,b214f53e41a41ebdba39c5c592d146a3,10.641
364950.000,450,811,2660.026,6144,1.23866,2013-03-02 23:21:49,b214f53e41a41ebdba39c5c592d16ea5,1.402
165435.000,615,269,2660.026,6144,0.0816952,2013-03-02 23:08:58,b214f53e41a41ebdba39c5c592d1b079,0.735
88688.000,964,92,2660.026,6144,1.11878,2013-03-02 23:04:26,b214f53e41a41ebdba39c5c592d1e69c,0.470
157664.000,416,379,2660.026,6144,4.11069,2013-03-02 23:04:11,b214f53e41a41ebdba39c5c592d1ee82,0.708
54963.000,591,93,2660.026,6144,1.14704,2013-03-02 23:00:21,b214f53e41a41ebdba39c5c592d23d4f,0.353
454290.000,797,570,2660.026,6144,9.81402,2013-03-02 22:55:26,b214f53e41a41ebdba39c5c592d25a1c,13.444
426006.000,966,441,2660.026,6144,7.3543,2013-03-02 22:54:14,b214f53e41a41ebdba39c5c592d269b4,7.844
379533.000,651,583,2660.026,6144,20.311,2013-03-02 22:53:19,b214f53e41a41ebdba39c5c592d280f7,7.374
441370.000,505,874,2660.026,6144,0.132025,2013-03-02 22:51:49,b214f53e41a41ebdba39c5c592d2863b,1.235
365378.000,598,611,2660.026,6144,1.45132,2013-03-02 22:50:03,b214f53e41a41ebdba39c5c592d2b1da,5.797
164736.000,208,792,2660.026,6144,1.29163,2013-03-02 22:46:36,b214f53e41a41ebdba39c5c592d2f915,0.733
224250.000,975,230,2660.026,6144,2.55555,2013-03-02 22:44:55,b214f53e41a41ebdba39c5c592d30ad3,0.939
156849.000,539,291,2660.026,6144,2.44419,2013-03-02 22:44:35,b214f53e41a41ebdba39c5c592d312c1,0.706
95865.000,415,231,2660.026,6144,0.66919,2013-03-02 22:43:43,b214f53e41a41ebdba39c5c592d327d2,0.494
52864.000,944,56,2660.026,6144,1.13263,2013-03-02 22:42:27,b214f53e41a41ebdba39c5c592d33c9c,0.346
187572.000,406,462,2660.026,6144,1.19547,2013-03-02 22:42:13,b214f53e41a41ebdba39c5c592d342a9,0.812
323868.000,394,822,2660.026,6144,1.23159,2013-03-02 22:41:58,b214f53e41a41ebdba39c5c592d34b13,1.056
89012.000,374,238,2660.026,6144,1.02406,2013-03-02 22:41:29,b214f53e41a41ebdba39c5c592d35821,0.471
15500.000,155,100,2660.026,6144,0.031224,2013-03-02 22:37:12,b214f53e41a41ebdba39c5c592d386aa,0.216
133308.000,414,322,2660.026,6144,2.74397,2013-03-02 22:35:33,b214f53e41a41ebdba39c5c592d3a0ff,0.624
284256.000,282,1008,2660.026,6144,0.149978,2013-03-02 22:35:12,b214f53e41a41ebdba39c5c592d3a89e,0.898
218526.000,363,602,2660.026,6144,1.37905,2013-03-02 22:34:50,b214f53e41a41ebdba39c5c592d3b389,0.919
42042.000,77,546,2660.026,6144,1.11638,2013-03-02 22:31:31,b214f53e41a41ebdba39c5c592d3dafb,0.308
139854.000,429,326,2660.026,6144,2.65899,2013-03-02 22:31:17,b214f53e41a41ebdba39c5c592d3dd8c,0.647
643510.000,1015,634,2660.026,6144,3.4165,2013-03-02 22:30:57,b214f53e41a41ebdba39c5c592d3de3b,21.095
3420.000,114,30,2660.026,6144,0.000224018,2013-03-02 22:28:55,b214f53e41a41ebdba39c5c592d40d63,0.174
806246.000,931,866,2660.026,6144,7.49958,2013-03-02 22:28:47,b214f53e41a41ebdba39c5c592d424bb,34.397
855620.000,956,895,2660.026,6144,13.4681,2013-03-02 22:24:49,b214f53e41a41ebdba39c5c592d43b8f,33.976
538118.000,646,833,2660.026,6144,1.34756,2013-03-02 22:22:10,b214f53e41a41ebdba39c5c592d43f6c,3.903
297032.000,694,428,2660.026,6144,8.71278,2013-03-02 22:20:15,b214f53e41a41ebdba39c5c592d48871,3.542
361319.000,497,727,2660.026,6144,1.29375,2013-03-02 22:15:40,b214f53e41a41ebdba39c5c592d4b5e8,3.089
304750.000,530,575,2660.026,6144,1.25119,2013-03-02 22:15:26,b214f53e41a41ebdba39c5c592d4b63a,2.947
464805.000,939,495,2660.026,6144,19.3528,2013-03-02 22:14:57,b214f53e41a41ebdba39c5c592d4c822,10.693
4158.000,54,77,2660.026,6144,0.011585,2013-03-02 22:13:40,b214f53e41a41ebdba39c5c592d4cf51,0.177
80214.000,461,174,2660.026,6144,0.676502,2013-03-02 22:12:51,b214f53e41a41ebdba39c5c592d4e7c0,0.440
176106.000,599,294,2660.026,6144,2.90455,2013-03-02 22:11:13,b214f53e41a41ebdba39c5c592d511d5,0.772
448074.000,682,657,2660.026,6144,2.5439,2013-03-02 22:10:37,b214f53e41a41ebdba39c5c592d51ee7,9.019
204300.000,454,450,2660.026,6144,0.653654,2013-03-02 22:09:34,b214f53e41a41ebdba39c5c592d52dfe,0.870
754256.000,1003,752,2660.026,6144,17.1111,2013-03-02 22:07:47,b214f53e41a41ebdba39c5c592d52f68,29.695
359204.000,1009,356,2660.026,6144,0.369924,2013-03-02 22:04:13,b214f53e41a41ebdba39c5c592d551ca,5.295
619526.000,614,1009,2660.026,6144,1.47821,2013-03-02 22:03:29,b214f53e41a41ebdba39c5c592d55b52,-1.368
19320.000,20,966,2660.026,6144,1.25331,2013-03-02 22:03:14,b214f53e41a41ebdba39c5c592d56886,0.229
869550.000,850,1023,2660.026,6144,0.156372,2013-03-02 22:01:23,b214f53e41a41ebdba39c5c592d590c5,-7.146
786916.000,962,818,2660.026,6144,27.2272,2013-03-02 22:00:57,b214f53e41a41ebdba39c5c592d597c0,40.898
191751.000,483,397,2660.026,6144,5.04562,2013-03-02 21:46:41,b214f53e41a41ebdba39c5c592d5bdd0,0.827
255808.000,448,571,2660.026,6144,1.28974,2013-03-02 21:41:55,b214f53e41a41ebdba39c5c592d604b3,1.048
286742.000,461,622,2660.026,6144,-0.0212559,2013-03-02 21:41:16,b214f53e41a41ebdba39c5c592d60b23,1.785
649839.000,863,753,2660.026,6144,4.7649,2013-03-02 21:41:01,b214f53e41a41ebdba39c5c592d60c33,19.954
35856.000,664,54,2660.026,6144,1.02952,2013-03-02 21:37:33,b214f53e41a41ebdba39c5c592d62f71,0.287
127218.000,699,182,2660.026,6144,0.10617,2013-03-02 21:33:46,b214f53e41a41ebdba39c5c592d65d4c,0.603
933933.000,933,1001,2660.026,6144,0.159787,2013-03-02 21:33:17,b214f53e41a41ebdba39c5c592d66cbc,-2.067
252000.000,1000,252,2660.026,6144,0.322254,2013-03-02 21:29:23,b214f53e41a41ebdba39c5c592d69766,1.035
605636.000,667,908,2660.026,6144,0.282631,2013-03-02 21:22:00,b214f53e41a41ebdba39c5c592d71984,2.442
179332.000,214,838,2660.026,6144,1.24159,2013-03-02 21:21:15,b214f53e41a41ebdba39c5c592d7245c,0.784
76586.000,149,514,2333.359,2048,0.15987,2013-03-03 00:26:09,b3058c6f8db678a33f36f6d1ef184306,0.428
29141.000,181,161,2333.359,2048,0.0258192,2013-03-03 00:26:02,b3058c6f8db678a33f36f6d1ef184631,0.263
36386.000,791,46,2333.359,2048,0.15153,2013-03-03 00:25:40,b3058c6f8db678a33f36f6d1ef186354,0.288
31164.000,98,318,2333.359,2048,0.151042,2013-03-03 00:25:03,b3058c6f8db678a33f36f6d1ef187505,0.270
459886.000,614,749,2333.359,2048,0.199008,2013-03-03 00:24:14,b3058c6f8db678a33f36f6d1ef18a20d,-0.576
75600.000,525,144,2333.359,2048,0.0603614,2013-03-03 00:24:06,b3058c6f8db678a33f36f6d1ef18aa97,0.424
545138.000,781,698,2333.359,2048,4.30715,2013-03-03 00:23:51,b3058c6f8db678a33f36f6d1ef18b662,2.498
445900.000,910,490,2333.359,2048,2.20061,2013-03-03 00:22:59,b3058c6f8db678a33f36f6d1ef18eb70,2.685
254144.000,304,836,2333.359,2048,0.18777,2013-03-03 00:22:33,b3058c6f8db678a33f36f6d1ef190c6b,1.043
31411.000,311,101,2333.359,2048,0.160536,2013-03-03 00:21:29,b3058c6f8db678a33f36f6d1ef19358c,0.271
865317.000,969,893,2333.359,2048,8.4544,2013-03-03 00:21:22,b3058c6f8db678a33f36f6d1ef1940ba,13.290
248712.000,723,344,2333.359,2048,0.565395,2013-03-03 00:19:57,b3058c6f8db678a33f36f6d1ef197d81,1.024
711909.000,799,891,2333.359,2048,0.224175,2013-03-03 00:19:29,b3058c6f8db678a33f36f6d1ef199824,-2.674
214200.000,714,300,2333.359,2048,0.392624,2013-03-03 00:19:21,b3058c6f8db678a33f36f6d1ef199f31,0.904
522900.000,700,747,2333.359,2048,0.2052,2013-03-03 00:18:41,b3058c6f8db678a33f36f6d1ef19c26b,-0.503
8503.000,773,11,2333.359,2048,0.000630903,2013-03-03 00:18:19,b3058c6f8db678a33f36f6d1ef19dd86,0.192
47804.000,646,74,2333.359,2048,0.156226,2013-03-03 00:18:17,b3058c6f8db678a33f36f6d1ef19ea03,0.328
135462.000,422,321,2333.359,2048,0.276467,2013-03-03 00:18:11,b3058c6f8db678a33f36f6d1ef19eac1,0.632
70800.000,240,295,2333.359,2048,0.16595,2013-03-03 00:17:25,b3058c6f8db678a33f36f6d1ef1a175a,0.408
63685.000,271,235,2333.359,2048,0.0821824,2013-03-03 00:17:11,b3058c6f8db678a33f36f6d1ef1a2c94,0.383
760487.000,959,793,2333.359,2048,6.52752,2013-03-03 00:16:43,b3058c6f8db678a33f36f6d1ef1a408a,12.565
189000.000,525,360,2333.359,2048,0.466262,2013-03-03 00:16:09,b3058c6f8db678a33f36f6d1ef1a54ba,0.817
102609.000,877,117,2333.359,2048,0.170186,2013-03-03 00:15:53,b3058c6f8db678a33f36f6d1ef1a5ab6,0.518
286296.000,302,948,2333.359,2048,0.198312,2013-03-03 00:15:46,b3058c6f8db678a33f36f6d1ef1a5b8c,1.030
366120.000,452,810,2333.359,2048,0.196262,2013-03-03 00:15:38,b3058c6f8db678a33f36f6d1ef1a6ae8,-1.265
96096.000,154,624,2333.359,2048,0.165995,2013-03-03 00:15:01,b3058c6f8db678a33f36f6d1ef1a758a,0.495
210677.000,461,457,2333.359,2048,0.854861,2013-03-03 00:14:55,b3058c6f8db678a33f36f6d1ef1a7be1,0.892
118203.000,123,961,2333.359,2048,0.188596,2013-03-03 00:13:22,b3058c6f8db678a33f36f6d1ef1aa690,0.572
235752.000,893,264,2333.359,2048,0.360718,2013-03-03 00:12:19,b3058c6f8db678a33f36f6d1ef1af0f2,0.979
122067.000,137,891,2333.359,2048,0.183098,2013-03-03 00:11:38,b3058c6f8db678a33f36f6d1ef1b1a7a,0.585
43152.000,116,372,2333.359,2048,0.154083,2013-03-03 00:11:31,b3058c6f8db678a33f36f6d1ef1b21bd,0.312
56420.000,155,364,2333.359,2048,0.153983,2013-03-03 00:10:59,b3058c6f8db678a33f36f6d1ef1b47de,0.358
284625.000,375,759,2333.359,2048,0.185969,2013-03-03 00:10:21,b3058c6f8db678a33f36f6d1ef1b6b63,0.848
220332.000,244,903,2333.359,2048,0.191595,2013-03-03 00:09:58,b3058c6f8db678a33f36f6d1ef1b72d8,0.926
469700.000,671,700,2333.359,2048,0.197066,2013-03-03 00:09:50,b3058c6f8db678a33f36f6d1ef1b8116,1.503
1581.000,93,17,2333.359,2048,0.000437498,2013-03-03 00:09:22,b3058c6f8db678a33f36f6d1ef1b9201,0.168
331500.000,425,780,2333.359,2048,0.204126,2013-03-03 00:09:21,b3058c6f8db678a33f36f6d1ef1b9248,-0.101
638100.000,709,900,2333.359,2048,0.219083,2013-03-03 00:08:48,b3058c6f8db678a33f36f6d1ef1baaac,-2.042
414622.000,962,431,2333.359,2048,1.46769,2013-03-03 00:08:23,b3058c6f8db678a33f36f6d1ef1bbe61,-0.409
10296.000,312,33,2333.359,2048,0.000576305,2013-03-03 00:07:36,b3058c6f8db678a33f36f6d1ef1be0c2,0.198
216160.000,280,772,2333.359,2048,0.181835,2013-03-03 00:07:21,b3058c6f8db678a33f36f6d1ef1bee31,0.911
21286.000,58,367,2333.359,2048,0.160986,2013-03-03 00:07:07,b3058c6f8db678a33f36f6d1ef1bfbda,0.236
203820.000,395,516,2333.359,2048,0.170781,2013-03-03 00:05:59,b3058c6f8db678a33f36f6d1ef1c3cf9,0.868
273008.000,302,904,2333.359,2048,0.204679,2013-03-03 00:04:03,b3058c6f8db678a33f36f6d1ef1c9689,1.054
220000.000,1000,220,2333.359,2048,0.259728,2013-03-03 00:02:43,b3058c6f8db678a33f36f6d1ef1cf7a1,0.924
119625.000,319,375,2333.359,2048,0.16172,2013-03-03 00:02:07,b3058c6f8db678a33f36f6d1ef1d17dc,0.577
406685.000,815,499,2333.359,2048,1.97339,2013-03-03 00:01:07,b3058c6f8db678a33f36f6d1ef1d577c,6.564
360552.000,724,498,2333.359,2048,1.72499,2013-03-03 00:00:31,b3058c6f8db678a33f36f6d1ef1d5f91,4.937
609160.000,970,628,2333.359,2048,3.79294,2013-03-03 00:00:14,b3058c6f8db678a33f36f6d1ef1d795f,2.978
261340.000,716,365,2333.359,2048,0.655761,2013-03-02 23:59:43,b3058c6f8db678a33f36f6d1ef1d89a1,1.068
17261.000,41,421,2333.359,2048,0.160255,2013-03-02 23:58:32,b3058c6f8db678a33f36f6d1ef1db4ff,0.222
167823.000,643,261,2333.359,2048,0.251686,2013-03-02 23:58:25,b3058c6f8db678a33f36f6d1ef1dc3a5,0.744
919368.000,904,1017,2333.359,2048,0.253501,2013-03-02 23:56:56,b3058c6f8db678a33f36f6d1ef1de0fa,-11.558
66124.000,271,244,2333.359,2048,0.0917587,2013-03-02 23:55:57,b3058c6f8db678a33f36f6d1ef1e21c0,0.391
275356.000,943,292,2333.359,2048,0.489243,2013-03-02 23:55:27,b3058c6f8db678a33f36f6d1ef1e435c,0.977
181818.000,189,962,2333.359,2048,0.192192,2013-03-02 23:54:34,b3058c6f8db678a33f36f6d1ef1e6d09,0.792
277288.000,548,506,2333.359,2048,1.4015,2013-03-02 23:54:02,b3058c6f8db678a33f36f6d1ef1e7bd6,1.377
226884.000,777,292,2333.359,2048,0.399502,2013-03-02 23:53:40,b3058c6f8db678a33f36f6d1ef1e94f0,0.948
538986.000,574,939,2333.359,2048,0.234267,2013-03-02 23:53:26,b3058c6f8db678a33f36f6d1ef1ea4eb,-0.061
408012.000,843,484,2333.359,2048,1.77937,2013-03-02 23:53:02,b3058c6f8db678a33f36f6d1ef1ebf3e,5.617
53508.000,294,182,2333.359,2048,0.0529929,2013-03-02 23:51:46,b3058c6f8db678a33f36f6d1ef1eea7f,0.348
149136.000,478,312,2333.359,2048,0.292641,2013-03-02 23:51:05,b3058c6f8db678a33f36f6d1ef1f180d,0.679
456258.000,669,682,2333.359,2048,0.197318,2013-03-02 23:50:17,b3058c6f8db678a33f36f6d1ef1f54f4,2.114
370685.000,833,445,2333.359,2048,1.40406,2013-03-02 23:49:16,b3058c6f8db678a33f36f6d1ef1f8ea3,5.252
280998.000,603,466,2333.359,2048,1.1733,2013-03-02 23:48:50,b3058c6f8db678a33f36f6d1ef1fa49d,1.615
345204.000,387,892,2333.359,2048,0.198476,2013-03-02 23:48:28,b3058c6f8db678a33f36f6d1ef1fbe73,0.076
330880.000,640,517,2333.359,2048,1.71791,2013-03-02 23:48:21,b3058c6f8db678a33f36f6d1ef1fc282,3.335
115182.000,237,486,2333.359,2048,0.162042,2013-03-02 23:48:12,b3058c6f8db678a33f36f6d1ef1fc370,0.561
336138.000,463,726,2333.359,2048,0.186903,2013-03-02 23:47:28,b3058c6f8db678a33f36f6d1ef1fe15c,0.562
9600.000,400,24,2333.359,2048,0.00164678,2013-03-02 23:46:45,b3058c6f8db678a33f36f6d1ef200c73,0.196
522366.000,543,962,2333.359,2048,0.21679,2013-03-02 23:46:43,b3058c6f8db678a33f36f6d1ef201594,0.851
174515.000,835,209,2333.359,2048,0.1953,2013-03-02 23:46:13,b3058c6f8db678a33f36f6d1ef203ca7,0.767
152342.000,361,422,2333.359,2048,0.161016,2013-03-02 23:46:05,b3058c6f8db678a33f36f6d1ef204bde,0.690
71990.000,230,313,2333.359,2048,0.152876,2013-03-02 23:45:42,b3058c6f8db678a33f36f6d1ef20695f,0.412
350316.000,444,789,2333.359,2048,0.190211,2013-03-02 23:45:28,b3058c6f8db678a33f36f6d1ef207a56,-0.568
413648.000,412,1004,2333.359,2048,0.211456,2013-03-02 23:45:21,b3058c6f8db678a33f36f6d1ef208677,1.968
141276.000,732,193,2333.359,2048,0.144886,2013-03-02 23:45:05,b3058c6f8db678a33f36f6d1ef209ff9,0.652
116044.000,134,866,2333.359,2048,0.180873,2013-03-02 23:44:14,b3058c6f8db678a33f36f6d1ef20cd25,0.564
119040.000,310,384,2333.359,2048,0.158202,2013-03-02 23:44:06,b3058c6f8db678a33f36f6d1ef20d492,0.575
585533.000,949,617,2333.359,2048,3.75864,2013-03-02 23:43:45,b3058c6f8db678a33f36f6d1ef20e673,3.873
212541.000,609,349,2333.359,2048,0.501764,2013-03-02 23:43:22,b3058c6f8db678a33f36f6d1ef20f6ce,0.899
60885.000,99,615,2333.359,2048,0.161527,2013-03-02 23:42:34,b3058c6f8db678a33f36f6d1ef211cc8,0.373
73100.000,850,86,2333.359,2048,0.162461,2013-03-02 23:42:07,b3058c6f8db678a33f36f6d1ef2138a2,0.416
627760.000,826,760,2333.359,2048,5.07131,2013-03-02 23:40:43,b3058c6f8db678a33f36f6d1ef217c45,1.193
593729.000,677,877,2333.359,2048,0.220735,2013-03-02 23:40:21,b3058c6f8db678a33f36f6d1ef2187b5,-2.752
123213.000,613,201,2333.359,2048,0.132961,2013-03-02 23:39:48,b3058c6f8db678a33f36f6d1ef21a68d,0.589
39366.000,54,729,2333.359,2048,0.167328,2013-03-02 23:39:43,b3058c6f8db678a33f36f6d1ef21b130,0.299
249424.000,262,952,2333.359,2048,0.193778,2013-03-02 23:39:20,b3058c6f8db678a33f36f6d1ef21c10b,1.026
73720.000,380,194,2333.359,2048,0.0766136,2013-03-02 23:39:13,b3058c6f8db678a33f36f6d1ef21c4ad,0.418
927072.000,928,999,2333.359,2048,0.248607,2013-03-02 23:39:09,b3058c6f8db678a33f36f6d1ef21d46d,-6.866
348910.000,851,410,2333.359,2048,1.11197,2013-03-02 23:38:55,b3058c6f8db678a33f36f6d1ef21dc8a,3.989
249546.000,418,597,2333.359,2048,0.174447,2013-03-02 23:38:49,b3058c6f8db678a33f36f6d1ef21e54f,1.027
233595.000,895,261,2333.359,2048,0.348782,2013-03-02 23:37:37,b3058c6f8db678a33f36f6d1ef2209bd,0.971
24960.000,80,312,2333.359,2048,0.152422,2013-03-02 23:37:24,b3058c6f8db678a33f36f6d1ef221390,0.249
72833.000,421,173,2333.359,2048,0.0689273,2013-03-02 23:37:18,b3058c6f8db678a33f36f6d1ef22142c,0.415
136095.000,215,633,2333.359,2048,0.168977,2013-03-02 23:36:42,b3058c6f8db678a33f36f6d1ef223e4b,0.634
186993.000,711,263,2333.359,2048,0.284136,2013-03-02 23:35:26,b3058c6f8db678a33f36f6d1ef227dec,0.810
39816.000,632,63,2333.359,2048,0.153151,2013-03-02 23:34:41,b3058c6f8db678a33f36f6d1ef229cbe,0.300
214236.000,396,541,2333.359,2048,0.171697,2013-03-02 23:34:22,b3058c6f8db678a33f36f6d1ef22adbd,0.904
642249.000,729,881,2333.359,2048,0.22125,2013-03-02 23:32:48,b3058c6f8db678a33f36f6d1ef22e7b0,-2.862
6341.000,373,17,2333.359,2048,0.00052278,2013-03-02 23:32:39,b3058c6f8db678a33f36f6d1ef22eaf4,0.184
496597.000,787,631,2333.359,2048,3.30695,2013-03-02 23:32:23,b3058c6f8db678a33f36f6d1ef230016,5.213
686961.000,891,771,2333.359,2048,5.70482,2013-03-02 23:32:08,b3058c6f8db678a33f36f6d1ef230e18,6.309
217500.000,750,290,2333.359,2048,0.381,2013-03-02 23:31:44,b3058c6f8db678a33f36f6d1ef231601,0.916
275480.000,355,776,2333.359,2048,0.187363,2013-03-02 23:30:43,b3058c6f8db678a33f36f6d1ef234076,0.976
249644.000,278,898,2333.359,2048,0.189271,2013-03-02 23:30:22,b3058c6f8db678a33f36f6d1ef235d1a,1.027
31460.000,121,260,2333.359,2048,0.148957,2013-03-02 23:30:07,b3058c6f8db678a33f36f6d1ef237138,0.271
71064.000,846,84,2333.359,2048,0.160301,2013-03-02 23:29:45,b3058c6f8db678a33f36f6d1ef239fef,0.409
64314.000,794,81,2333.359,2048,0.158934,2013-03-02 23:29:38,b3058c6f8db678a33f36f6d1ef23a6ce,0.385
679056.000,903,752,2333.359,2048,5.49528,2013-03-02 23:28:04,b3058c6f8db678a33f36f6d1ef23ea6f,7.150
56352.000,587,96,2333.359,2048,0.163688,2013-03-02 23:27:41,b3058c6f8db678a33f36f6d1ef23f12b,0.358
269001.000,369,729,2333.359,2048,0.183153,2013-03-02 23:27:34,b3058c6f8db678a33f36f6d1ef23f172,1.094
4905.000,981,5,2333.359,2048,0.000766397,2013-03-02 23:26:54,b3058c6f8db678a33f36f6d1ef2412df,0.179
176694.000,294,601,2333.359,2048,0.171993,2013-03-02 23:26:31,b3058c6f8db678a33f36f6d1ef2436ae,0.774
6643.000,511,13,2333.359,2048,0.000828218,2013-03-02 23:25:22,b3058c6f8db678a33f36f6d1ef245a62,0.185
221306.000,566,391,2333.359,2048,0.646175,2013-03-02 23:24:42,b3058c6f8db678a33f36f6d1ef248dd2,0.929
231336.000,714,324,2333.359,2048,0.472457,2013-03-02 23:24:21,b3058c6f8db678a33f36f6d1ef249500,0.964
141480.000,270,524,2333.359,2048,0.164467,2013-03-02 23:24:00,b3058c6f8db678a33f36f6d1ef249bd7,0.652
760833.000,837,909,2333.359,2048,0.228729,2013-03-02 23:23:46,b3058c6f8db678a33f36f6d1ef24b283,0.564
62496.000,124,504,2333.359,2048,0.157931,2013-03-02 23:23:33,b3058c6f8db678a33f36f6d1ef24b6ac,0.379
733838.000,742,989,2333.359,2048,0.231182,2013-03-02 23:23:16,b3058c6f8db678a33f36f6d1ef24c429,2.290
3210.000,15,214,2333.359,2048,0.147305,2013-03-02 23:23:07,b3058c6f8db678a33f36f6d1ef24c580,0.174
29548.000,356,83,2333.359,2048,0.15929,2013-03-02 23:22:36,b3058c6f8db678a33f36f6d1ef24d083,0.265
429607.000,683,629,2333.359,2048,2.8294,2013-03-02 23:21:49,b3058c6f8db678a33f36f6d1ef24f4a1,3.656
29670.000,989,30,2333.359,2048,0.149098,2013-03-02 23:21:28,b3058c6f8db678a33f36f6d1ef2506d3,0.265
453960.000,520,873,2333.359,2048,0.202974,2013-03-02 23:21:21,b3058c6f8db678a33f36f6d1ef250e93,-1.631
18224.000,34,536,2333.359,2048,0.156317,2013-03-02 23:19:19,b3058c6f8db678a33f36f6d1ef256591,0.226
174312.000,216,807,2333.359,2048,0.179246,2013-03-02 23:19:13,b3058c6f8db678a33f36f6d1ef257216,0.766
848.000,4,212,2333.359,2048,0.148413,2013-03-02 23:17:28,b3058c6f8db678a33f36f6d1ef25c09f,0.165
540496.000,913,592,2333.359,2048,3.31049,2013-03-02 23:17:09,b3058c6f8db678a33f36f6d1ef25dcc6,4.159
690615.000,745,927,2333.359,2048,0.227605,2013-03-02 23:16:41,b3058c6f8db678a33f36f6d1ef25e80e,-0.957
79822.000,373,214,2333.359,2048,0.0930405,2013-03-02 23:16:26,b3058c6f8db678a33f36f6d1ef25f77b,0.439
54963.000,93,591,2333.359,2048,0.161515,2013-03-02 23:15:54,b3058c6f8db678a33f36f6d1ef261d4f,0.353
93150.000,414,225,2333.359,2048,0.113822,2013-03-02 23:15:20,b3058c6f8db678a33f36f6d1ef262b93,0.485
196365.000,265,741,2333.359,2048,0.178816,2013-03-02 23:14:16,b3058c6f8db678a33f36f6d1ef2639a9,0.843
41638.000,382,109,2333.359,2048,0.164653,2013-03-02 23:14:04,b3058c6f8db678a33f36f6d1ef26504c,0.307
62271.000,99,629,2333.359,2048,0.163542,2013-03-02 23:13:30,b3058c6f8db678a33f36f6d1ef2673fb,0.378
48300.000,230,210,2333.359,2048,0.0555836,2013-03-02 23:13:09,b3058c6f8db678a33f36f6d1ef269723,0.330
278070.000,713,390,2333.359,2048,0.80613,2013-03-02 23:13:06,b3058c6f8db678a33f36f6d1ef269ca2,1.629
497310.000,726,685,2333.359,2048,3.63434,2013-03-02 23:11:30,b3058c6f8db678a33f36f6d1ef26f7ab,2.521
510012.000,914,558,2333.359,2048,2.93019,2013-03-02 23:11:14,b3058c6f8db678a33f36f6d1ef26f900,3.498
53404.000,676,79,2333.359,2048,0.158306,2013-03-02 23:10:55,b3058c6f8db678a33f36f6d1ef270f7a,0.347
322542.000,543,594,2333.359,2048,0.18043,2013-03-02 23:10:19,b3058c6f8db678a33f36f6d1ef272711,2.120
94464.000,192,492,2333.359,2048,0.160893,2013-03-02 23:09:56,b3058c6f8db678a33f36f6d1ef274233,0.490
418446.000,574,729,2333.359,2048,0.195103,2013-03-02 23:08:18,b3058c6f8db678a33f36f6d1ef27793a,0.217
122159.000,809,151,2333.359,2048,0.100955,2013-03-02 23:08:10,b3058c6f8db678a33f36f6d1ef277bc8,0.586
53802.000,549,98,2333.359,2048,0.162099,2013-03-02 23:07:57,b3058c6f8db678a33f36f6d1ef278a8a,0.349
64176.000,382,168,2333.359,2048,0.0582828,2013-03-02 23:07:24,b3058c6f8db678a33f36f6d1ef2797d4,0.385
245616.000,357,688,2333.359,2048,0.178664,2013-03-02 23:07:06,b3058c6f8db678a33f36f6d1ef27b43d,1.013
413397.000,753,549,2333.359,2048,2.31073,2013-03-02 23:06:22,b3058c6f8db678a33f36f6d1ef27c773,5.856
49575.000,75,661,2333.359,2048,0.16661,2013-03-02 23:06:12,b3058c6f8db678a33f36f6d1ef27c899,0.334
6342.000,453,14,2333.359,2048,0.000790978,2013-03-02 23:05:33,b3058c6f8db678a33f36f6d1ef27d95a,0.184
18186.000,21,866,2333.359,2048,0.17354,2013-03-02 23:05:18,b3058c6f8db678a33f36f6d1ef27f199,0.225
116259.000,143,813,2333.359,2048,0.179084,2013-03-02 23:05:11,b3058c6f8db678a33f36f6d1ef27f5e6,0.565
290360.000,680,427,2333.359,2048,1.0245,2013-03-02 23:04:57,b3058c6f8db678a33f36f6d1ef27fe98,2.236
30932.000,74,418,2333.359,2048,0.153511,2013-03-02 23:04:51,b3058c6f8db678a33f36f6d1ef27fedf,0.270
123384.000,194,636,2333.359,2048,0.169248,2013-03-02 23:04:29,b3058c6f8db678a33f36f6d1ef281b97,0.590
396016.000,934,424,2333.359,2048,1.31851,2013-03-02 23:03:06,b3058c6f8db678a33f36f6d1ef2853a1,0.575
390696.000,584,669,2333.359,2048,0.201099,2013-03-02 23:02:12,b3058c6f8db678a33f36f6d1ef2890af,1.810
53482.000,221,242,2333.359,2048,0.152658,2013-03-02 23:00:49,b3058c6f8db678a33f36f6d1ef28d0db,0.348
112881.000,573,197,2333.359,2048,0.119919,2013-03-02 22:59:48,b3058c6f8db678a33f36f6d1ef291ec1,0.553
209797.000,301,697,2333.359,2048,0.177798,2013-03-02 22:59:42,b3058c6f8db678a33f36f6d1ef2928d7,0.889
86559.000,671,129,2333.359,2048,0.0613166,2013-03-02 22:59:26,b3058c6f8db678a33f36f6d1ef293d23,0.462
720544.000,712,1012,2333.359,2048,0.235961,2013-03-02 22:59:11,b3058c6f8db678a33f36f6d1ef294a21,3.591
923726.000,934,989,2333.359,2048,0.247021,2013-03-02 22:58:44,b3058c6f8db678a33f36f6d1ef296354,-3.620
835456.000,976,856,2333.359,2048,7.75524,2013-03-02 22:58:08,b3058c6f8db678a33f36f6d1ef2988d1,14.498
230256.000,468,492,2333.359,2048,0.170388,2013-03-02 22:56:57,b3058c6f8db678a33f36f6d1ef29bca6,0.960
593593.000,593,1001,2333.359,2048,0.225218,2013-03-02 22:56:42,b3058c6f8db678a33f36f6d1ef29d02c,2.620
10980.000,122,90,2333.359,2048,0.00283746,2013-03-02 22:56:04,b3058c6f8db678a33f36f6d1ef29f290,0.200
79648.000,262,304,2333.359,2048,0.155109,2013-03-02 22:55:44,b3058c6f8db678a33f36f6d1ef2a1059,0.438
77720.000,232,335,2333.359,2048,0.15358,2013-03-02 22:55:24,b3058c6f8db678a33f36f6d1ef2a2949,0.432
91728.000,112,819,2333.359,2048,0.176321,2013-03-02 22:53:29,b3058c6f8db678a33f36f6d1ef2a67e0,0.480
82270.000,866,95,2333.359,2048,0.161962,2013-03-02 22:53:15,b3058c6f8db678a33f36f6d1ef2a6968,0.447
710304.000,906,784,2333.359,2048,5.98393,2013-03-02 22:53:04,b3058c6f8db678a33f36f6d1ef2a7324,8.107
40448.000,79,512,2333.359,2048,0.160393,2013-03-02 22:51:21,b3058c6f8db678a33f36f6d1ef2abe3a,0.303
79023.000,497,159,2333.359,2048,0.0680659,2013-03-02 22:50:54,b3058c6f8db678a33f36f6d1ef2ae98b,0.436
161298.000,522,309,2333.359,2048,0.310869,2013-03-02 22:48:13,b3058c6f8db678a33f36f6d1ef2b40ce,0.721
663732.000,716,927,2333.359,2048,0.226158,2013-03-02 22:47:57,b3058c6f8db678a33f36f6d1ef2b4455,-0.904
130968.000,214,612,2333.359,2048,0.16641,2013-03-02 22:46:06,b3058c6f8db678a33f36f6d1ef2b9199,0.616
9000.000,9,1000,2333.359,2048,0.181286,2013-03-02 22:45:52,b3058c6f8db678a33f36f6d1ef2ba084,0.194
256070.000,290,883,2333.359,2048,0.189474,2013-03-02 22:45:45,b3058c6f8db678a33f36f6d1ef2ba99a,1.049
341537.000,503,679,2333.359,2048,0.186837,2013-03-02 22:45:01,b3058c6f8db678a33f36f6d1ef2bd4c5,1.240
26622.000,522,51,2333.359,2048,0.153645,2013-03-02 22:44:08,b3058c6f8db678a33f36f6d1ef2c07d5,0.255
260626.000,863,302,2333.359,2048,0.469059,2013-03-02 22:43:47,b3058c6f8db678a33f36f6d1ef2c2212,1.065
87920.000,112,785,2333.359,2048,0.17337,2013-03-02 22:41:28,b3058c6f8db678a33f36f6d1ef2c8b5f,0.467
18699.000,69,271,2333.359,2048,0.155238,2013-03-02 22:41:01,b3058c6f8db678a33f36f6d1ef2cb03b,0.227
126490.000,278,455,2333.359,2048,0.161878,2013-03-02 22:40:32,b3058c6f8db678a33f36f6d1ef2cb85b,0.601
91080.000,396,230,2333.359,2048,0.115337,2013-03-02 22:39:34,b3058c6f8db678a33f36f6d1ef2ceb1c,0.478
80607.000,97,831,2333.359,2048,0.176721,2013-03-02 22:39:29,b3058c6f8db678a33f36f6d1ef2cec38,0.442
295281.000,327,903,2333.359,2048,0.195353,2013-03-02 22:39:00,b3058c6f8db678a33f36f6d1ef2d1896,0.783
117975.000,325,363,2333.359,2048,0.159966,2013-03-02 22:38:27,b3058c6f8db678a33f36f6d1ef2d3b51,0.571
83888.000,784,107,2333.359,2048,0.164647,2013-03-02 22:38:20,b3058c6f8db678a33f36f6d1ef2d3ba3,0.453
25047.000,207,121,2333.359,2048,0.017866,2013-03-02 22:36:44,b3058c6f8db678a33f36f6d1ef2d8602,0.249
161120.000,304,530,2333.359,2048,0.165228,2013-03-02 22:36:42,b3058c6f8db678a33f36f6d1ef2d941c,0.720
95370.000,330,289,2333.359,2048,0.165935,2013-03-02 22:36:27,b3058c6f8db678a33f36f6d1ef2d9f31,0.493
596700.000,765,780,2333.359,2048,0.21251,2013-03-02 22:34:59,b3058c6f8db678a33f36f6d1ef2e1c6e,-2.532
812958.000,822,989,2333.359,2048,0.242603,2013-03-02 22:34:35,b3058c6f8db678a33f36f6d1ef2e44a1,1.243
54755.000,235,233,2333.359,2048,0.0704591,2013-03-02 22:33:45,b3058c6f8db678a33f36f6d1ef2e5402,0.352
846690.000,1002,845,2333.359,2048,7.74231,2013-03-02 22:33:25,b3058c6f8db678a33f36f6d1ef2e605b,9.360
351758.000,542,649,2333.359,2048,0.186128,2013-03-02 22:32:20,b3058c6f8db678a33f36f6d1ef2e8629,1.813
139763.000,169,827,2333.359,2048,0.179533,2013-03-02 22:31:25,b3058c6f8db678a33f36f6d1ef2eacbc,0.646
170982.000,414,413,2333.359,2048,0.564705,2013-03-02 22:31:18,b3058c6f8db678a33f36f6d1ef2eb320,0.755
51282.000,518,99,2333.359,2048,0.162563,2013-03-02 22:30:42,b3058c6f8db678a33f36f6d1ef2ec20c,0.340
233984.000,457,512,2333.359,2048,0.176071,2013-03-02 22:30:29,b3058c6f8db678a33f36f6d1ef2ecbac,0.973
415599.000,843,493,2333.359,2048,1.94771,2013-03-02 22:29:49,b3058c6f8db678a33f36f6d1ef2ef8b0,5.726
601868.000,668,901,2333.359,2048,0.216709,2013-03-02 22:29:25,b3058c6f8db678a33f36f6d1ef2effed,-1.840
272766.000,507,538,2333.359,2048,0.176043,2013-03-02 22:28:48,b3058c6f8db678a33f36f6d1ef2f1cc0,1.189
181048.000,371,488,2333.359,2048,0.167009,2013-03-02 22:28:36,b3058c6f8db678a33f36f6d1ef2f21c2,0.789
381711.000,807,473,2333.359,2048,1.66778,2013-03-02 22:28:20,b3058c6f8db678a33f36f6d1ef2f293a,6.305
122892.000,399,308,2333.359,2048,0.236646,2013-03-02 22:28:12,b3058c6f8db678a33f36f6d1ef2f3918,0.588
352638.000,429,822,2333.359,2048,0.196365,2013-03-02 22:27:41,b3058c6f8db678a33f36f6d1ef2f54ce,-0.964
755729.000,793,953,2333.359,2048,0.23165,2013-03-02 22:27:25,b3058c6f8db678a33f36f6d1ef2f677b,0.309
164436.000,426,386,2333.359,2048,0.467852,2013-03-02 22:26:49,b3058c6f8db678a33f36f6d1ef2f8fa5,0.732
332052.000,826,402,2333.359,2048,1.01242,2013-03-02 22:26:26,b3058c6f8db678a33f36f6d1ef2fa46b,4.227
491097.000,939,523,2333.359,2048,2.57243,2013-03-02 22:25:56,b3058c6f8db678a33f36f6d1ef2fafb6,1.500
598208.000,719,832,2333.359,2048,0.211624,2013-03-02 22:24:56,b3058c6f8db678a33f36f6d1ef2fe0bc,-4.437
57084.000,268,213,2333.359,2048,0.066383,2013-03-02 22:24:48,b3058c6f8db678a33f36f6d1ef2fe915,0.360
272144.000,292,932,2333.359,2048,0.192749,2013-03-02 22:24:28,b3058c6f8db678a33f36f6d1ef2ffea1,1.078
131571.000,297,443,2333.359,2048,0.163457,2013-03-02 22:23:23,b3058c6f8db678a33f36f6d1ef30356a,0.618
508551.000,849,599,2333.359,2048,3.16001,2013-03-02 22:23:16,b3058c6f8db678a33f36f6d1ef303c2c,5.813
342016.000,334,1024,2333.359,2048,0.207516,2013-03-02 22:21:51,b3058c6f8db678a33f36f6d1ef3065dd,1.829
3864.000,56,69,2333.359,2048,0.000967312,2013-03-02 22:21:38,b3058c6f8db678a33f36f6d1ef307724,0.176
17296.000,368,47,2333.359,2048,0.00702535,2013-03-02 22:21:10,b3058c6f8db678a33f36f6d1ef3093a9,0.222
334932.000,988,339,2333.359,2048,0.755928,2013-03-02 22:19:44,b3058c6f8db678a33f36f6d1ef30b02c,0.172
423654.000,917,462,2333.359,2048,1.76474,2013-03-02 22:18:01,b3058c6f8db678a33f36f6d1ef30f14c,1.939
214065.000,335,639,2333.359,2048,0.184644,2013-03-02 22:17:42,b3058c6f8db678a33f36f6d1ef310229,0.904
82485.000,611,135,2333.359,2048,0.060802,2013-03-02 22:17:34,b3058c6f8db678a33f36f6d1ef310e14,0.448
164346.000,301,546,2333.359,2048,0.168594,2013-03-02 22:17:10,b3058c6f8db678a33f36f6d1ef31270d,0.732
88128.000,272,324,2333.359,2048,0.153835,2013-03-02 22:16:42,b3058c6f8db678a33f36f6d1ef314803,0.468
495.000,9,55,2333.359,2048,0.000357501,2013-03-02 22:16:36,b3058c6f8db678a33f36f6d1ef314993,0.164
268933.000,373,721,2333.359,2048,0.181761,2013-03-02 22:16:30,b3058c6f8db678a33f36f6d1ef314e85,1.094
312771.000,411,761,2333.359,2048,0.187006,2013-03-02 22:16:14,b3058c6f8db678a33f36f6d1ef31547b,0.404
66666.000,813,82,2333.359,2048,0.158723,2013-03-02 22:15:53,b3058c6f8db678a33f36f6d1ef31657c,0.393
64774.000,139,466,2333.359,2048,0.156346,2013-03-02 22:15:17,b3058c6f8db678a33f36f6d1ef317d61,0.387
20200.000,100,202,2333.359,2048,0.147499,2013-03-02 22:15:09,b3058c6f8db678a33f36f6d1ef318d9a,0.232
391902.000,602,651,2333.359,2048,0.201014,2013-03-02 22:15:03,b3058c6f8db678a33f36f6d1ef31935f,2.294
170544.000,836,204,2333.359,2048,0.184782,2013-03-02 22:14:44,b3058c6f8db678a33f36f6d1ef31b4a1,0.753
82784.000,208,398,2333.359,2048,0.154981,2013-03-02 22:14:32,b3058c6f8db678a33f36f6d1ef31bc41,0.449
589032.000,808,729,2333.359,2048,4.55297,2013-03-02 22:14:21,b3058c6f8db678a33f36f6d1ef31c6d1,1.548
193688.000,341,568,2333.359,2048,0.172571,2013-03-02 22:13:34,b3058c6f8db678a33f36f6d1ef31d93e,0.833
182320.000,265,688,2333.359,2048,0.17622,2013-03-02 22:11:54,b3058c6f8db678a33f36f6d1ef321fa8,0.794
166706.000,214,779,2333.359,2048,0.178633,2013-03-02 22:09:40,b3058c6f8db678a33f36f6d1ef3278be,0.740
3740.000,55,68,2333.359,2048,0.000872824,2013-03-02 22:08:36,b3058c6f8db678a33f36f6d1ef32a61c,0.175
125430.000,370,339,2333.359,2048,0.30362,2013-03-02 22:08:20,b3058c6f8db678a33f36f6d1ef32b392,0.597
208033.000,263,791,2333.359,2048,0.183492,2013-03-02 22:08:00,b3058c6f8db678a33f36f6d1ef32bbd2,0.883
154470.000,570,271,2333.359,2048,0.241586,2013-03-02 22:07:16,b3058c6f8db678a33f36f6d1ef32ebd9,0.697
394650.000,877,450,2333.359,2048,1.55668,2013-03-02 22:07:06,b3058c6f8db678a33f36f6d1ef32f0b3,3.833
11920.000,298,40,2333.359,2048,0.00202253,2013-03-02 22:04:47,b3058c6f8db678a33f36f6d1ef338355,0.204
571113.000,713,801,2333.359,2048,0.208008,2013-03-02 22:04:46,b3058c6f8db678a33f36f6d1ef338ed9,-3.848
832236.000,892,933,2333.359,2048,0.240622,2013-03-02 22:04:37,b3058c6f8db678a33f36f6d1ef339a17,1.019
44844.000,303,148,2333.359,2048,0.0367116,2013-03-02 22:03:03,b3058c6f8db678a33f36f6d1ef33b4fc,0.318
18720.000,624,30,2333.359,2048,0.151522,2013-03-02 22:03:01,b3058c6f8db678a33f36f6d1ef33bb85,0.227
121362.000,537,226,2333.359,2048,0.149254,2013-03-02 22:02:22,b3058c6f8db678a33f36f6d1ef33d3d8,0.583
206592.000,807,256,2333.359,2048,0.46873,2013-03-02 22:02:05,b3058c6f8db678a33f36f6d1ef33e7ef,0.878
434732.000,433,1004,2333.359,2048,0.213018,2013-03-02 22:01:08,b3058c6f8db678a33f36f6d1ef340e55,2.078
408321.000,639,639,2333.359,2048,2.73684,2013-03-02 22:00:53,b3058c6f8db678a33f36f6d1ef341c66,2.900
97148.000,298,326,2333.359,2048,0.156454,2013-03-02 21:59:43,b3058c6f8db678a33f36f6d1ef343c11,0.499
834725.000,865,965,2333.359,2048,0.241193,2013-03-02 21:59:32,b3058c6f8db678a33f36f6d1ef344b73,-1.237
177410.000,565,314,2333.359,2048,0.366036,2013-03-02 21:59:18,b3058c6f8db678a33f36f6d1ef345176,0.777
153630.000,270,569,2333.359,2048,0.167942,2013-03-02 21:57:58,b3058c6f8db678a33f36f6d1ef349ba4,0.695
233852.000,323,724,2333.359,2048,0.181018,2013-03-02 21:57:10,b3058c6f8db678a33f36f6d1ef34d77f,0.972
274613.000,883,311,2333.359,2048,0.533997,2013-03-02 21:57:03,b3058c6f8db678a33f36f6d1ef34e6df,1.212
386280.000,888,435,2333.359,2048,1.42012,2013-03-02 21:56:08,b3058c6f8db678a33f36f6d1ef34fbee,3.137
387520.000,448,865,2333.359,2048,0.198767,2013-03-02 21:56:01,b3058c6f8db678a33f36f6d1ef350b75,-0.934
53856.000,816,66,2333.359,2048,0.154131,2013-03-02 21:55:05,b3058c6f8db678a33f36f6d1ef354e6a,0.349
4208.000,526,8,2333.359,2048,0.000751495,2013-03-02 21:54:24,b3058c6f8db678a33f36f6d1ef35817f,0.177
159003.000,351,453,2333.359,2048,0.163769,2013-03-02 21:54:22,b3058c6f8db678a33f36f6d1ef358239,0.713
721188.000,871,828,2333.359,2048,6.11871,2013-03-02 21:53:57,b3058c6f8db678a33f36f6d1ef359326,5.250
142296.000,588,242,2333.359,2048,0.192929,2013-03-02 21:53:31,b3058c6f8db678a33f36f6d1ef359e1a,0.655
403809.000,469,861,2333.359,2048,0.201043,2013-03-02 21:52:40,b3058c6f8db678a33f36f6d1ef35dc80,-1.256
208976.000,706,296,2333.359,2048,0.377104,2013-03-02 21:52:08,b3058c6f8db678a33f36f6d1ef36076c,0.886
94658.000,94,1007,2333.359,2048,0.189442,2013-03-02 21:51:33,b3058c6f8db678a33f36f6d1ef3620ac,0.490
67788.000,807,84,2333.359,2048,0.159487,2013-03-02 21:51:25,b3058c6f8db678a33f36f6d1ef362fa8,0.397
22320.000,180,124,2333.359,2048,0.016433,2013-03-02 21:50:10,b3058c6f8db678a33f36f6d1ef364dc5,0.240
772968.000,903,856,2333.359,2048,7.1256,2013-03-02 21:49:47,b3058c6f8db678a33f36f6d1ef3666a2,10.077
87954.000,411,214,2333.359,2048,0.101172,2013-03-02 21:48:17,b3058c6f8db678a33f36f6d1ef369665,0.467
546000.000,600,910,2333.359,2048,0.213821,2013-03-02 21:44:40,b3058c6f8db678a33f36f6d1ef371af3,-1.197
132250.000,575,230,2333.359,2048,0.182238,2013-03-02 21:41:35,b3058c6f8db678a33f36f6d1ef377fa3,0.620
83200.000,260,320,2333.359,2048,0.153809,2013-03-02 21:40:56,b3058c6f8db678a33f36f6d1ef379c4b,0.451
412139.000,637,647,2333.359,2048,0.195939,2013-03-02 21:40:49,b3058c6f8db678a33f36f6d1ef37a429,2.723
