size,c#time,m#datetime,m#id,m#kNN
423801.000,2.91163,2013-04-17 00:49:33,96bf95ee112823d07fb0a69a947da8b2,8.043
337561.000,2.0353,2013-04-17 02:12:13,d8a61e0505a26192c13583b6a51c2d20,7.356
17689.000,0.0133756,2013-04-17 02:11:42,d8a61e0505a26192c13583b6a51c3c3e,0.022
528529.000,4.09277,2013-04-17 02:11:40,d8a61e0505a26192c13583b6a51c48f6,12.665
27556.000,0.025509,2013-04-17 02:10:27,d8a61e0505a26192c13583b6a51c71a6,0.053
505521.000,3.84347,2013-04-17 02:10:20,d8a61e0505a26192c13583b6a51c7dc6,11.997
841.000,-1.60933e-05,2013-04-17 02:10:04,d8a61e0505a26192c13583b6a51c8d29,-0.001
966289.000,10.6053,2013-04-17 02:08:34,d8a61e0505a26192c13583b6a51caa1a,34.994
476100.000,3.53914,2013-04-17 02:05:35,d8a61e0505a26192c13583b6a51cdcdc,7.930
710649.000,6.49916,2013-04-17 02:05:20,d8a61e0505a26192c13583b6a51ce42e,18.949
316969.000,1.85819,2013-04-17 02:03:26,d8a61e0505a26192c13583b6a51d312f,7.227
161604.000,0.494708,2013-04-17 02:02:55,d8a61e0505a26192c13583b6a51d3d9b,1.516
361.000,0.000252199,2013-04-17 02:01:51,d8a61e0505a26192c13583b6a51d5408,-0.003
162409.000,0.497881,2013-04-17 02:01:49,d8a61e0505a26192c13583b6a51d63d0,1.559
88209.000,0.161809,2013-04-17 02:01:22,d8a61e0505a26192c13583b6a51d6ec4,0.368
381924.000,2.4859,2013-04-17 02:01:15,d8a61e0505a26192c13583b6a51d7a17,4.602
30976.000,0.0307634,2013-04-17 01:59:58,d8a61e0505a26192c13583b6a51daef6,0.077
400689.000,2.76392,2013-04-17 01:59:13,d8a61e0505a26192c13583b6a51dbd83,7.956
425104.000,2.73428,2013-04-17 01:58:23,d8a61e0505a26192c13583b6a51dd0f4,8.347
270400.000,1.34867,2013-04-17 01:57:41,d8a61e0505a26192c13583b6a51de55d,6.008
81225.000,0.137763,2013-04-17 01:57:10,d8a61e0505a26192c13583b6a51e0c82,0.182
974169.000,10.5916,2013-04-17 01:55:31,d8a61e0505a26192c13583b6a51e4de4,33.406
919681.000,9.89231,2013-04-17 01:53:12,d8a61e0505a26192c13583b6a51e7eb4,27.465
102400.000,0.210385,2013-04-17 01:52:31,d8a61e0505a26192c13583b6a51e830a,0.259
370881.000,2.35587,2013-04-17 01:52:22,d8a61e0505a26192c13583b6a51e84cd,5.913
131044.000,0.327117,2013-04-17 01:51:49,d8a61e0505a26192c13583b6a51e9228,0.829
870489.000,9.07479,2013-04-17 01:50:34,d8a61e0505a26192c13583b6a51eae71,27.695
100489.000,0.209858,2013-04-17 01:47:21,d8a61e0505a26192c13583b6a51ee123,0.410
391876.000,2.63302,2013-04-17 01:47:08,d8a61e0505a26192c13583b6a51ee76a,6.204
199809.000,0.765799,2013-04-17 01:46:25,d8a61e0505a26192c13583b6a51ef18f,2.566
349281.000,2.12215,2013-04-17 01:45:33,d8a61e0505a26192c13583b6a51f10d8,4.937
692224.000,6.03457,2013-04-17 01:45:17,d8a61e0505a26192c13583b6a51f2c36,21.956
876096.000,8.87791,2013-04-17 01:43:08,d8a61e0505a26192c13583b6a51f7776,23.035
576.000,-7.37929e-05,2013-04-17 01:42:20,d8a61e0505a26192c13583b6a51f8340,0.002
133956.000,0.345381,2013-04-17 01:42:07,d8a61e0505a26192c13583b6a51f8d63,1.115
4900.000,0.0017112,2013-04-17 01:40:21,d8a61e0505a26192c13583b6a51fba81,0.003
982081.000,10.7154,2013-04-17 01:39:11,d8a61e0505a26192c13583b6a51fdb07,39.891
73441.000,0.117795,2013-04-17 01:38:26,d8a61e0505a26192c13583b6a51fe8b8,0.285
708964.000,6.55791,2013-04-17 01:37:35,d8a61e0505a26192c13583b6a51ffc20,20.991
43681.000,0.0499286,2013-04-17 01:36:53,d8a61e0505a26192c13583b6a5200feb,0.105
3025.000,0.00105963,2013-04-17 01:36:50,d8a61e0505a26192c13583b6a52010a6,0.003
234256.000,1.0182,2013-04-17 01:36:49,d8a61e0505a26192c13583b6a5201d57,2.068
32400.000,0.0321188,2013-04-17 01:36:14,d8a61e0505a26192c13583b6a5203ec2,0.097
813604.000,8.17258,2013-04-17 01:36:02,d8a61e0505a26192c13583b6a52046a7,22.081
74529.000,0.126013,2013-04-17 01:34:05,d8a61e0505a26192c13583b6a52073d4,0.262
4356.000,0.00110948,2013-04-17 01:33:59,d8a61e0505a26192c13583b6a5208051,0.004
209764.000,0.845153,2013-04-17 01:33:21,d8a61e0505a26192c13583b6a520975a,2.622
281961.000,1.55067,2013-04-17 01:32:11,d8a61e0505a26192c13583b6a520b389,3.750
670761.000,5.88421,2013-04-17 01:30:56,d8a61e0505a26192c13583b6a520d54f,21.781
784.000,0.000214849,2013-04-17 01:30:01,d8a61e0505a26192c13583b6a520e9e1,-0.000
79524.000,0.136358,2013-04-17 01:29:54,d8a61e0505a26192c13583b6a520f3a5,0.202
443556.000,3.17745,2013-04-17 01:29:48,d8a61e0505a26192c13583b6a52102d7,11.157
576081.000,4.76465,2013-04-17 01:29:06,d8a61e0505a26192c13583b6a5212059,14.388
339889.000,2.0747,2013-04-17 01:28:45,d8a61e0505a26192c13583b6a521279f,6.757
677329.000,6.12378,2013-04-17 01:28:35,d8a61e0505a26192c13583b6a5212f53,21.820
527076.000,4.15169,2013-04-17 01:28:09,d8a61e0505a26192c13583b6a521370a,13.130
112225.000,0.248206,2013-04-17 01:27:51,d8a61e0505a26192c13583b6a5213fcb,0.431
13456.000,0.0042304,2013-04-17 01:27:42,d8a61e0505a26192c13583b6a52148b9,0.005
311364.000,1.78427,2013-04-17 01:27:21,d8a61e0505a26192c13583b6a52154bf,5.698
555025.000,4.40471,2013-04-17 01:27:13,d8a61e0505a26192c13583b6a5215a14,16.793
18496.000,0.0150341,2013-04-17 01:26:49,d8a61e0505a26192c13583b6a5216459,0.011
22500.000,0.0197687,2013-04-17 01:24:45,d8a61e0505a26192c13583b6a521bbe5,0.022
1016064.000,11.4656,2013-04-17 01:24:43,d8a61e0505a26192c13583b6a521c515,31.007
265225.000,1.36837,2013-04-17 01:23:56,d8a61e0505a26192c13583b6a521c6f8,2.824
868624.000,8.34562,2013-04-17 01:23:49,d8a61e0505a26192c13583b6a521c84b,29.343
751689.000,7.18614,2013-04-17 01:23:10,d8a61e0505a26192c13583b6a521c895,15.396
247009.000,1.18345,2013-04-17 01:21:55,d8a61e0505a26192c13583b6a521e552,3.165
271441.000,1.41629,2013-04-17 01:21:40,d8a61e0505a26192c13583b6a521f810,6.416
166464.000,0.51019,2013-04-17 01:21:23,d8a61e0505a26192c13583b6a521fe89,1.583
540225.000,4.21379,2013-04-17 01:19:48,d8a61e0505a26192c13583b6a522293e,12.418
801025.000,7.82831,2013-04-17 01:19:29,d8a61e0505a26192c13583b6a5223267,20.721
173889.000,0.593683,2013-04-17 01:18:40,d8a61e0505a26192c13583b6a522516a,2.072
328329.000,1.93594,2013-04-17 01:18:15,d8a61e0505a26192c13583b6a522600d,8.080
929296.000,9.57878,2013-04-17 01:17:30,d8a61e0505a26192c13583b6a5227ce5,29.487
33489.000,0.0340377,2013-04-17 01:14:20,d8a61e0505a26192c13583b6a522bfcd,0.105
357604.000,2.24115,2013-04-17 01:12:16,d8a61e0505a26192c13583b6a523126c,6.200
722500.000,6.79973,2013-04-17 01:11:48,d8a61e0505a26192c13583b6a5232a28,13.912
21904.000,0.0184875,2013-04-17 01:11:20,d8a61e0505a26192c13583b6a5232ede,0.018
380689.000,2.44774,2013-04-17 01:11:03,d8a61e0505a26192c13583b6a5234333,4.805
443556.000,3.16054,2013-04-17 01:10:51,d8a61e0505a26192c13583b6a523481c,11.157
30276.000,0.0294102,2013-04-17 01:10:27,d8a61e0505a26192c13583b6a5235c03,0.099
202500.000,0.788054,2013-04-17 01:10:17,d8a61e0505a26192c13583b6a5236366,2.874
253009.000,1.24146,2013-04-17 01:09:51,d8a61e0505a26192c13583b6a5236f04,3.870
90000.000,0.166775,2013-04-17 01:09:40,d8a61e0505a26192c13583b6a5237d43,0.400
246016.000,1.18391,2013-04-17 01:08:21,d8a61e0505a26192c13583b6a523ab11,2.910
1020100.000,11.5945,2013-04-17 01:08:10,d8a61e0505a26192c13583b6a523c048,34.928
950625.000,10.1768,2013-04-17 01:06:46,d8a61e0505a26192c13583b6a523ceb2,41.647
215296.000,0.862989,2013-04-17 01:06:04,d8a61e0505a26192c13583b6a523cf28,2.512
677329.000,6.02686,2013-04-17 01:05:36,d8a61e0505a26192c13583b6a523d8df,21.820
544644.000,4.34587,2013-04-17 01:04:07,d8a61e0505a26192c13583b6a523efa6,15.245
491401.000,3.64193,2013-04-17 01:03:45,d8a61e0505a26192c13583b6a523f630,10.648
155236.000,0.46182,2013-04-17 01:03:00,d8a61e0505a26192c13583b6a523fdee,1.291
324.000,0.000265429,2013-04-17 01:02:44,d8a61e0505a26192c13583b6a5240d81,0.002
748225.000,7.02525,2013-04-17 01:01:34,d8a61e0505a26192c13583b6a5243ab9,13.549
342225.000,2.05755,2013-04-17 01:01:04,d8a61e0505a26192c13583b6a5244266,5.995
972196.000,10.8459,2013-04-17 00:58:23,d8a61e0505a26192c13583b6a5247b4c,32.580
683929.000,6.11964,2013-04-17 00:57:06,d8a61e0505a26192c13583b6a5249353,16.689
654481.000,5.70118,2013-04-17 00:56:41,d8a61e0505a26192c13583b6a5249e62,18.164
164836.000,0.516751,2013-04-17 00:55:18,d8a61e0505a26192c13583b6a524b780,1.598
125316.000,0.302996,2013-04-17 00:54:41,d8a61e0505a26192c13583b6a524cde3,0.850
396900.000,2.63803,2013-04-17 00:54:29,d8a61e0505a26192c13583b6a524d51f,5.884
525625.000,4.12283,2013-04-17 00:54:13,d8a61e0505a26192c13583b6a524d79a,13.392
143641.000,0.394254,2013-04-17 00:53:55,d8a61e0505a26192c13583b6a524d8f5,0.855
859329.000,8.88505,2013-04-17 00:52:29,d8a61e0505a26192c13583b6a524ebc6,32.348
125316.000,0.299659,2013-04-17 00:50:21,d8a61e0505a26192c13583b6a52526f2,0.850
152100.000,0.439364,2013-04-17 00:50:10,d8a61e0505a26192c13583b6a525300d,1.273
758641.000,7.18488,2013-04-17 00:49:20,d8a61e0505a26192c13583b6a525525b,19.120
423801.000,2.9025,2013-04-17 00:45:44,d8a61e0505a26192c13583b6a525a4a6,8.043
968256.000,10.4021,2013-04-17 00:44:00,d8a61e0505a26192c13583b6a525e431,33.480
988036.000,11.0487,2013-04-17 00:42:45,d8a61e0505a26192c13583b6a525fd9a,31.515
404496.000,2.54082,2013-04-17 00:39:09,d8a61e0505a26192c13583b6a52653c9,7.579
522729.000,4.04578,2013-04-17 00:38:58,d8a61e0505a26192c13583b6a5265edd,14.111
958441.000,10.2994,2013-04-17 00:38:40,d8a61e0505a26192c13583b6a5266e31,38.720
85849.000,0.156631,2013-04-17 00:37:34,d8a61e0505a26192c13583b6a52671a9,0.290
385641.000,2.50647,2013-04-17 00:37:27,d8a61e0505a26192c13583b6a5268046,4.688
73441.000,0.119087,2013-04-17 00:36:36,d8a61e0505a26192c13583b6a526ba12,0.285
844561.000,8.47423,2013-04-17 00:35:33,d8a61e0505a26192c13583b6a526d570,25.880
39204.000,0.0422755,2013-04-17 00:34:50,d8a61e0505a26192c13583b6a526df8b,0.107
515524.000,4.00897,2013-04-17 00:34:31,d8a61e0505a26192c13583b6a526f0ec,12.702
161604.000,0.494218,2013-04-17 00:33:54,d8a61e0505a26192c13583b6a527032a,1.516
49.000,-5.4574e-06,2013-04-17 00:32:29,d8a61e0505a26192c13583b6a5272263,-0.010
223729.000,0.963715,2013-04-17 00:31:28,d8a61e0505a26192c13583b6a52743a1,3.136
106929.000,0.226505,2013-04-17 00:29:48,d8a61e0505a26192c13583b6a52776f3,1.487
12100.000,0.00378301,2013-04-17 00:29:39,d8a61e0505a26192c13583b6a5277c92,0.010
509796.000,3.94718,2013-04-17 00:29:37,d8a61e0505a26192c13583b6a5278823,14.345
107584.000,0.225906,2013-04-17 00:29:16,d8a61e0505a26192c13583b6a5278d89,1.558
851929.000,8.60985,2013-04-17 00:28:48,d8a61e0505a26192c13583b6a527a46f,28.106
583696.000,4.49235,2013-04-17 00:27:31,d8a61e0505a26192c13583b6a527cb85,15.967
56169.000,0.0736497,2013-04-17 00:25:57,d8a61e0505a26192c13583b6a527dec3,0.233
524176.000,3.85315,2013-04-17 00:25:38,d8a61e0505a26192c13583b6a527e782,13.713
956484.000,10.5194,2013-04-17 00:25:21,d8a61e0505a26192c13583b6a527ec17,38.705
459684.000,3.35741,2013-04-17 00:20:16,d8a61e0505a26192c13583b6a5281677,11.345
52441.000,0.0668992,2013-04-17 00:19:18,d8a61e0505a26192c13583b6a5283491,0.120
811801.000,7.97775,2013-04-17 00:19:14,d8a61e0505a26192c13583b6a528392b,22.838
438244.000,3.17074,2013-04-17 00:16:31,d8a61e0505a26192c13583b6a5287216,10.916
232324.000,1.04974,2013-04-17 00:15:31,d8a61e0505a26192c13583b6a52882d1,2.204
568516.000,4.65185,2013-04-17 00:15:13,d8a61e0505a26192c13583b6a528ad09,19.716
597529.000,4.94198,2013-04-17 00:14:53,d8a61e0505a26192c13583b6a528bbb2,16.810
30276.000,0.028731,2013-04-17 00:14:32,d8a61e0505a26192c13583b6a528c9a4,0.099
831744.000,8.2956,2013-04-17 00:13:14,d8a61e0505a26192c13583b6a528ee7f,22.986
272484.000,1.4248,2013-04-17 00:12:39,d8a61e0505a26192c13583b6a528f8a9,6.567
75076.000,0.122565,2013-04-17 00:12:30,d8a61e0505a26192c13583b6a529087f,0.252
60025.000,0.08513,2013-04-17 00:12:16,d8a61e0505a26192c13583b6a5291f08,0.275
358801.000,2.26871,2013-04-17 00:12:12,d8a61e0505a26192c13583b6a52928ce,6.275
70225.000,0.108836,2013-04-17 00:11:15,d8a61e0505a26192c13583b6a529418a,0.277
386884.000,2.54535,2013-04-17 00:11:10,d8a61e0505a26192c13583b6a52943c0,4.954
71289.000,0.110803,2013-04-17 00:10:59,d8a61e0505a26192c13583b6a5294531,0.306
403225.000,2.73883,2013-04-17 00:09:55,d8a61e0505a26192c13583b6a5297174,7.994
712336.000,6.11617,2013-04-17 00:09:42,d8a61e0505a26192c13583b6a5297773,17.231
495616.000,3.57857,2013-04-17 00:08:55,d8a61e0505a26192c13583b6a52990e9,10.776
207936.000,0.796262,2013-04-17 00:08:25,d8a61e0505a26192c13583b6a5299f86,2.624
692224.000,5.94945,2013-04-17 00:06:46,d8a61e0505a26192c13583b6a529be75,21.956
316969.000,1.82713,2013-04-17 00:05:34,d8a61e0505a26192c13583b6a529e863,7.227
4096.000,0.000964351,2013-04-17 00:04:00,d8a61e0505a26192c13583b6a52a07b2,0.009
504100.000,3.88633,2013-04-17 00:02:08,d8a61e0505a26192c13583b6a52a5904,10.954
118336.000,0.284245,2013-04-17 00:01:17,d8a61e0505a26192c13583b6a52a66e5,0.763
792100.000,8.01011,2013-04-17 00:00:34,d8a61e0505a26192c13583b6a52a7540,21.042
25.000,0.000380898,2013-04-16 23:59:56,d8a61e0505a26192c13583b6a52a7a13,-0.011
824464.000,7.74002,2013-04-16 23:59:27,d8a61e0505a26192c13583b6a52a88b8,23.558
321489.000,1.92031,2013-04-16 23:58:53,d8a61e0505a26192c13583b6a52aa203,9.063
324.000,0.000125003,2013-04-16 23:57:17,d8a61e0505a26192c13583b6a52ab408,0.002
459684.000,3.34716,2013-04-16 23:56:19,d8a61e0505a26192c13583b6a52aeba5,11.345
470596.000,3.44526,2013-04-16 23:55:49,d8a61e0505a26192c13583b6a52afcc7,7.482
379456.000,2.38801,2013-04-16 23:55:34,d8a61e0505a26192c13583b6a52afcf3,5.105
9025.000,0.00329669,2013-04-16 23:55:00,d8a61e0505a26192c13583b6a52b08e0,0.006
705600.000,6.34822,2013-04-16 23:54:40,d8a61e0505a26192c13583b6a52b1631,21.714
215296.000,0.854288,2013-04-16 23:53:23,d8a61e0505a26192c13583b6a52b3bc9,2.512
1002001.000,11.0683,2013-04-16 23:52:54,d8a61e0505a26192c13583b6a52b43fd,39.353
454276.000,3.25622,2013-04-16 23:51:58,d8a61e0505a26192c13583b6a52b67f9,11.973
18225.000,0.014182,2013-04-16 23:51:44,d8a61e0505a26192c13583b6a52b6a0e,0.013
648025.000,5.62261,2013-04-16 23:51:42,d8a61e0505a26192c13583b6a52b6d00,14.087
769129.000,7.32558,2013-04-16 23:51:15,d8a61e0505a26192c13583b6a52b8269,29.978
9604.000,0.00285758,2013-04-16 23:50:44,d8a61e0505a26192c13583b6a52b8bcd,0.007
5329.000,0.0012964,2013-04-16 23:50:37,d8a61e0505a26192c13583b6a52b8eac,0.003
40000.000,0.0436877,2013-04-16 23:50:09,d8a61e0505a26192c13583b6a52baa7a,0.116
2809.000,0.000355983,2013-04-16 23:49:17,d8a61e0505a26192c13583b6a52bc7c4,0.004
169744.000,0.552095,2013-04-16 23:48:17,d8a61e0505a26192c13583b6a52c0307,2.063
7921.000,0.00218019,2013-04-16 23:47:50,d8a61e0505a26192c13583b6a52c14ff,0.003
145924.000,0.409535,2013-04-16 23:47:48,d8a61e0505a26192c13583b6a52c246f,1.813
46656.000,0.0557552,2013-04-16 23:46:17,d8a61e0505a26192c13583b6a52c4b66,0.206
26244.000,0.0236082,2013-04-16 23:45:51,d8a61e0505a26192c13583b6a52c6b2d,0.058
483025.000,3.63533,2013-04-16 23:45:48,d8a61e0505a26192c13583b6a52c768f,6.723
600625.000,5.0749,2013-04-16 23:45:32,d8a61e0505a26192c13583b6a52c7836,16.127
217156.000,0.904253,2013-04-16 23:44:45,d8a61e0505a26192c13583b6a52c9c01,2.214
940900.000,10.2404,2013-04-16 23:44:11,d8a61e0505a26192c13583b6a52ca527,40.929
193600.000,0.691682,2013-04-16 23:43:17,d8a61e0505a26192c13583b6a52cbace,2.599
394384.000,2.44374,2013-04-16 23:42:43,d8a61e0505a26192c13583b6a52cca94,6.020
755161.000,7.14069,2013-04-16 23:42:27,d8a61e0505a26192c13583b6a52ccc21,17.141
269361.000,1.40288,2013-04-16 23:41:58,d8a61e0505a26192c13583b6a52ccfe9,5.244
9604.000,0.00307322,2013-04-16 23:41:27,d8a61e0505a26192c13583b6a52cde73,0.007
792100.000,7.8906,2013-04-16 23:40:52,d8a61e0505a26192c13583b6a52d040e,21.042
250000.000,1.16247,2013-04-16 23:39:40,d8a61e0505a26192c13583b6a52d2224,3.376
741321.000,6.92157,2013-04-16 23:39:31,d8a61e0505a26192c13583b6a52d3c41,18.893
638401.000,5.44698,2013-04-16 23:38:14,d8a61e0505a26192c13583b6a52d5b9f,14.407
11664.000,0.00386572,2013-04-16 23:37:25,d8a61e0505a26192c13583b6a52d6ce9,0.007
283024.000,1.46186,2013-04-16 23:37:21,d8a61e0505a26192c13583b6a52d7c7b,3.272
289444.000,1.58583,2013-04-16 23:36:57,d8a61e0505a26192c13583b6a52d82a0,4.168
485809.000,3.57972,2013-04-16 23:36:35,d8a61e0505a26192c13583b6a52d9e99,7.217
476100.000,3.54199,2013-04-16 23:36:08,d8a61e0505a26192c13583b6a52dad94,7.930
363609.000,2.27242,2013-04-16 23:35:35,d8a61e0505a26192c13583b6a52dd047,8.339
135424.000,0.347356,2013-04-16 23:35:17,d8a61e0505a26192c13583b6a52de91a,0.753
121104.000,0.278864,2013-04-16 23:31:46,d8a61e0505a26192c13583b6a52e06b3,0.641
50625.000,0.0623338,2013-04-16 23:31:15,d8a61e0505a26192c13583b6a52e259a,0.223
19600.000,0.0160692,2013-04-16 23:30:48,d8a61e0505a26192c13583b6a52e4510,0.020
290521.000,1.56938,2013-04-16 23:29:54,d8a61e0505a26192c13583b6a52e55ad,4.820
372100.000,2.38853,2013-04-16 23:29:47,d8a61e0505a26192c13583b6a52e5919,5.163
327184.000,1.85888,2013-04-16 23:29:23,d8a61e0505a26192c13583b6a52e7088,8.215
157609.000,0.474242,2013-04-16 23:29:14,d8a61e0505a26192c13583b6a52e78a4,1.226
110889.000,0.240978,2013-04-16 23:26:07,d8a61e0505a26192c13583b6a52ed043,0.569
341056.000,2.00226,2013-04-16 23:25:58,d8a61e0505a26192c13583b6a52edbb9,6.374
828100.000,8.37797,2013-04-16 23:25:48,d8a61e0505a26192c13583b6a52ee080,24.054
675684.000,6.03069,2013-04-16 23:24:51,d8a61e0505a26192c13583b6a52efe7a,22.499
69169.000,0.107165,2013-04-16 23:24:13,d8a61e0505a26192c13583b6a52f20e7,0.249
363609.000,2.26455,2013-04-16 23:23:12,d8a61e0505a26192c13583b6a52f3e5b,8.339
131044.000,0.331165,2013-04-16 23:23:01,d8a61e0505a26192c13583b6a52f46fe,0.829
26569.000,0.0239093,2013-04-16 23:21:04,d8a61e0505a26192c13583b6a52f65d3,0.058
314721.000,1.80113,2013-04-16 23:20:18,d8a61e0505a26192c13583b6a52f7564,6.414
664225.000,5.83551,2013-04-16 23:19:54,d8a61e0505a26192c13583b6a52f8ae0,15.503
77284.000,0.134582,2013-04-16 23:18:57,d8a61e0505a26192c13583b6a52fa024,0.241
46225.000,0.0569507,2013-04-16 23:18:40,d8a61e0505a26192c13583b6a52fc635,0.213
284089.000,1.52152,2013-04-16 23:18:32,d8a61e0505a26192c13583b6a52fe4ed,3.033
537289.000,4.26497,2013-04-16 23:18:24,d8a61e0505a26192c13583b6a52ff3b8,10.896
762129.000,7.21339,2013-04-16 23:16:20,d8a61e0505a26192c13583b6a530252a,21.610
404496.000,2.62778,2013-04-16 23:12:07,d8a61e0505a26192c13583b6a5304b56,7.579
44521.000,0.0513812,2013-04-16 23:11:08,d8a61e0505a26192c13583b6a53086ac,0.171
8100.000,0.0024518,2013-04-16 23:11:05,d8a61e0505a26192c13583b6a5308bb2,0.005
154449.000,0.455168,2013-04-16 23:11:03,d8a61e0505a26192c13583b6a53091fb,1.274
528529.000,4.09432,2013-04-16 23:10:47,d8a61e0505a26192c13583b6a53093f1,12.665
748225.000,7.15171,2013-04-16 23:09:26,d8a61e0505a26192c13583b6a530b2a6,13.550
101761.000,0.209462,2013-04-16 23:08:06,d8a61e0505a26192c13583b6a530dc93,0.316
667489.000,5.86811,2013-04-16 23:06:57,d8a61e0505a26192c13583b6a5310895,18.829
37249.000,0.0393332,2013-04-16 23:04:48,d8a61e0505a26192c13583b6a53151a5,0.068
3600.000,0.000577712,2013-04-16 23:04:45,d8a61e0505a26192c13583b6a531561d,0.017
273529.000,1.42672,2013-04-16 23:04:21,d8a61e0505a26192c13583b6a5316816,6.544
33124.000,0.0327354,2013-04-16 23:04:14,d8a61e0505a26192c13583b6a5316cb8,0.114
1016064.000,11.4747,2013-04-16 23:04:06,d8a61e0505a26192c13583b6a5317f9a,31.007
829921.000,8.24648,2013-04-16 23:02:49,d8a61e0505a26192c13583b6a531aabf,23.723
17956.000,0.0142284,2013-04-16 23:02:01,d8a61e0505a26192c13583b6a531b4b5,0.016
18769.000,0.0148623,2013-04-16 23:01:29,d8a61e0505a26192c13583b6a531bfc5,0.011
91204.000,0.170092,2013-04-16 23:00:15,d8a61e0505a26192c13583b6a531ef11,0.375
187489.000,0.674786,2013-04-16 22:58:24,d8a61e0505a26192c13583b6a5322abe,2.309
219961.000,0.932497,2013-04-16 22:57:56,d8a61e0505a26192c13583b6a5323795,3.003
7225.000,0.0015548,2013-04-16 22:57:25,d8a61e0505a26192c13583b6a5324087,0.012
734449.000,6.8196,2013-04-16 22:57:23,d8a61e0505a26192c13583b6a53249f9,19.894
31329.000,0.0308251,2013-04-16 22:55:36,d8a61e0505a26192c13583b6a53277f4,0.064
121801.000,0.2941,2013-04-16 22:55:34,d8a61e0505a26192c13583b6a5327d3c,0.727
17424.000,0.013578,2013-04-16 22:54:21,d8a61e0505a26192c13583b6a53298a4,0.027
34225.000,0.0348793,2013-04-16 22:54:19,d8a61e0505a26192c13583b6a532a5fc,0.075
248004.000,1.19876,2013-04-16 22:51:30,d8a61e0505a26192c13583b6a532ced6,3.373
419904.000,2.80954,2013-04-16 22:49:10,d8a61e0505a26192c13583b6a5331705,7.071
12769.000,0.00366962,2013-04-16 22:47:58,d8a61e0505a26192c13583b6a5336cba,0.009
600625.000,4.97446,2013-04-16 22:47:57,d8a61e0505a26192c13583b6a5336f9f,16.127
465124.000,3.42042,2013-04-16 22:47:36,d8a61e0505a26192c13583b6a5337770,7.685
116281.000,0.270329,2013-04-16 22:47:20,d8a61e0505a26192c13583b6a5338429,0.933
100.000,0.000115871,2013-04-16 22:46:21,d8a61e0505a26192c13583b6a533a07e,-0.005
129600.000,0.325529,2013-04-16 22:46:15,d8a61e0505a26192c13583b6a533ac70,0.840
20164.000,0.0165301,2013-04-16 22:46:02,d8a61e0505a26192c13583b6a533be02,0.029
230400.000,0.995566,2013-04-16 22:44:55,d8a61e0505a26192c13583b6a533ea9a,2.564
25921.000,0.0231137,2013-04-16 22:44:34,d8a61e0505a26192c13583b6a533f091,0.055
614656.000,5.17859,2013-04-16 22:43:34,d8a61e0505a26192c13583b6a5341e40,18.467
12996.000,0.00488377,2013-04-16 22:43:12,d8a61e0505a26192c13583b6a5342342,0.007
345744.000,1.98135,2013-04-16 22:42:49,d8a61e0505a26192c13583b6a534498a,5.132
502681.000,3.78703,2013-04-16 22:42:39,d8a61e0505a26192c13583b6a5345437,10.647
110224.000,0.238905,2013-04-16 22:42:06,d8a61e0505a26192c13583b6a534712c,0.805
355216.000,2.06688,2013-04-16 22:41:57,d8a61e0505a26192c13583b6a53477c8,6.530
32761.000,0.0321299,2013-04-16 22:41:47,d8a61e0505a26192c13583b6a5347ee5,0.112
241081.000,1.1486,2013-04-16 22:40:06,d8a61e0505a26192c13583b6a534af42,3.145
573049.000,4.72544,2013-04-16 22:38:59,d8a61e0505a26192c13583b6a534e270,16.225
27889.000,0.0252293,2013-04-16 22:37:42,d8a61e0505a26192c13583b6a5351087,0.056
481636.000,3.61246,2013-04-16 22:36:10,d8a61e0505a26192c13583b6a5354132,6.592
258064.000,1.28512,2013-04-16 22:35:52,d8a61e0505a26192c13583b6a5354676,2.921
758641.000,7.21523,2013-04-16 22:35:26,d8a61e0505a26192c13583b6a5355c5f,19.120
46225.000,0.0590066,2013-04-16 22:33:24,d8a61e0505a26192c13583b6a53594b4,0.213
112225.000,0.249579,2013-04-16 22:31:37,d8a61e0505a26192c13583b6a535cebb,0.431
156025.000,0.478004,2013-04-16 22:31:14,d8a61e0505a26192c13583b6a535dfc1,1.270
305809.000,1.70709,2013-04-16 22:29:47,d8a61e0505a26192c13583b6a5360e3e,5.182
13456.000,0.00366781,2013-04-16 22:29:10,d8a61e0505a26192c13583b6a5361af4,0.005
497025.000,3.79825,2013-04-16 22:27:22,d8a61e0505a26192c13583b6a536634a,10.614
127449.000,0.312293,2013-04-16 22:26:01,d8a61e0505a26192c13583b6a5367a2c,1.014
477481.000,3.53532,2013-04-16 22:25:30,d8a61e0505a26192c13583b6a5368e7f,7.305
32400.000,0.0324441,2013-04-16 22:24:53,d8a61e0505a26192c13583b6a536a84d,0.097
919681.000,9.67755,2013-04-16 22:24:46,d8a61e0505a26192c13583b6a536afee,27.465
576.000,0.000287604,2013-04-16 22:22:22,d8a61e0505a26192c13583b6a536df55,0.002
64.000,0.00054059,2013-04-16 22:22:18,d8a61e0505a26192c13583b6a536f22f,-0.009
266256.000,1.31467,2013-04-16 22:22:04,d8a61e0505a26192c13583b6a53701f1,3.128
52441.000,0.069831,2013-04-16 22:21:51,d8a61e0505a26192c13583b6a537149d,0.120
84681.000,0.153718,2013-04-16 22:21:47,d8a61e0505a26192c13583b6a5371881,0.236
652864.000,5.76511,2013-04-16 22:21:41,d8a61e0505a26192c13583b6a5371a45,16.830
131769.000,0.334635,2013-04-16 22:21:05,d8a61e0505a26192c13583b6a5372fd1,0.941
715716.000,6.6919,2013-04-16 22:20:53,d8a61e0505a26192c13583b6a53735d6,17.656
114244.000,0.254887,2013-04-16 22:19:49,d8a61e0505a26192c13583b6a5374709,0.655
104329.000,0.217131,2013-04-16 22:19:20,d8a61e0505a26192c13583b6a5375360,0.418
1296.000,0.000465298,2013-04-16 22:19:12,d8a61e0505a26192c13583b6a537584b,0.000
956484.000,10.5192,2013-04-16 22:14:44,d8a61e0505a26192c13583b6a537e09e,38.705
401956.000,2.7116,2013-04-16 22:13:49,d8a61e0505a26192c13583b6a538023e,8.470
594441.000,5.05247,2013-04-16 22:12:51,d8a61e0505a26192c13583b6a5382cfc,19.051
1024144.000,10.9007,2013-04-16 22:10:55,d8a61e0505a26192c13583b6a53865ec,41.130
393129.000,2.57498,2013-04-16 22:10:10,d8a61e0505a26192c13583b6a53870c5,6.120
315844.000,1.81611,2013-04-16 22:09:58,d8a61e0505a26192c13583b6a53875d5,6.795
927369.000,9.82934,2013-04-16 22:08:24,d8a61e0505a26192c13583b6a538b055,28.691
186624.000,0.6448,2013-04-16 22:07:16,d8a61e0505a26192c13583b6a538bfce,2.316
2916.000,0.00100892,2013-04-16 22:02:54,d8a61e0505a26192c13583b6a5390ca0,0.003
925444.000,9.90938,2013-04-16 22:02:51,d8a61e0505a26192c13583b6a5392140,28.098
124609.000,0.299708,2013-04-16 22:00:50,d8a61e0505a26192c13583b6a5394f42,0.763
669124.000,6.03468,2013-04-16 22:00:32,d8a61e0505a26192c13583b6a539613d,20.521
123201.000,0.294236,2013-04-16 21:59:44,d8a61e0505a26192c13583b6a5397cba,0.690
265225.000,1.36907,2013-04-16 21:59:33,d8a61e0505a26192c13583b6a5398339,2.824
143641.000,0.398985,2013-04-16 21:59:26,d8a61e0505a26192c13583b6a539833d,0.855
372100.000,2.40282,2013-04-16 21:58:39,d8a61e0505a26192c13583b6a5398e17,5.163
196249.000,0.744715,2013-04-16 21:58:13,d8a61e0505a26192c13583b6a539bbc0,1.731
674041.000,5.97959,2013-04-16 21:57:10,d8a61e0505a26192c13583b6a539d752,22.717
110889.000,0.249918,2013-04-16 21:53:19,d8a61e0505a26192c13583b6a53a1b6c,0.569
576081.000,4.68623,2013-04-16 21:53:08,d8a61e0505a26192c13583b6a53a1efa,14.388
958441.000,37.6978,2013-04-16 20:58:21,d8a61e0505a26192c13583b6a53bf952,38.720
656100.000,5.02242,2013-04-16 21:14:17,ec4bdd64306e7ee87358809a5f1aa7f8,18.242
635209.000,4.72479,2013-04-16 21:08:32,ec4bdd64306e7ee87358809a5f1abe64,13.719
97344.000,1.6107,2013-04-16 21:06:42,ec4bdd64306e7ee87358809a5f1acc4d,0.275
168921.000,4.536,2013-04-16 21:03:51,ec4bdd64306e7ee87358809a5f1ad616,1.914
355216.000,1.62898,2013-04-16 21:03:23,ec4bdd64306e7ee87358809a5f1ae492,6.532
270400.000,0.969738,2013-04-16 20:58:29,ec4bdd64306e7ee87358809a5f1af10d,6.008
708964.000,20.4949,2013-04-16 20:53:23,ec4bdd64306e7ee87358809a5f1b132f,20.991
8464.000,0.0254892,2013-04-16 20:48:09,ec4bdd64306e7ee87358809a5f1b249e,0.007
972196.000,48.8169,2013-04-16 20:44:11,ec4bdd64306e7ee87358809a5f1b34b8,32.571
218089.000,7.83071,2013-04-16 20:34:37,ec4bdd64306e7ee87358809a5f1b6a8d,2.343
722500.000,12.5895,2013-04-16 20:31:51,ec4bdd64306e7ee87358809a5f1b9c3d,13.912
435600.000,2.61668,2013-04-16 20:25:58,ec4bdd64306e7ee87358809a5f1bab8f,10.670
162409.000,0.395952,2013-04-16 20:24:44,ec4bdd64306e7ee87358809a5f1bb1b4,1.559
484.000,0.000228596,2013-04-16 20:23:59,ec4bdd64306e7ee87358809a5f1bbf9f,-0.001
33489.000,0.0289935,2013-04-16 20:23:57,ec4bdd64306e7ee87358809a5f1bc581,0.105
67081.000,0.070868,2013-04-17 21:20:03,ec4bdd64306e7ee87358809a5f1f2ccb,0.232
624100.000,21.2418,2013-04-17 21:19:59,ec4bdd64306e7ee87358809a5f1f361c,19.047
841.000,-1.19765e-05,2013-04-17 20:52:18,ec4bdd64306e7ee87358809a5f1f8c98,-0.001
484416.000,14.8841,2013-04-17 20:29:56,ec4bdd64306e7ee87358809a5f1ff8e2,6.958
95481.000,0.200327,2013-04-17 20:26:19,ec4bdd64306e7ee87358809a5f20079b,0.220
159201.000,1.21523,2013-04-17 20:24:38,ec4bdd64306e7ee87358809a5f201a35,1.262
126736.000,0.604899,2013-04-17 20:21:40,ec4bdd64306e7ee87358809a5f2031a1,1.013
87025.000,0.129462,2013-04-17 20:21:21,ec4bdd64306e7ee87358809a5f203bec,0.340
466489.000,12.4701,2013-04-17 20:20:51,ec4bdd64306e7ee87358809a5f203e30,7.456
743044.000,28.1253,2013-04-17 19:55:45,ec4bdd64306e7ee87358809a5f20a5f5,17.219
12769.000,0.0042766,2013-04-17 19:45:18,ec4bdd64306e7ee87358809a5f20db73,0.009
846400.000,35.4086,2013-04-17 19:43:15,ec4bdd64306e7ee87358809a5f20df07,25.648
913936.000,40.411,2013-04-17 19:38:00,ec4bdd64306e7ee87358809a5f20fc37,23.984
114921.000,0.409361,2013-04-17 19:34:31,ec4bdd64306e7ee87358809a5f212114,0.806
846400.000,36.059,2013-04-17 19:34:16,ec4bdd64306e7ee87358809a5f21214c,25.648
74529.000,0.0897961,2013-04-17 19:31:49,ec4bdd64306e7ee87358809a5f21254a,0.262
915849.000,40.9007,2013-04-17 19:31:38,ec4bdd64306e7ee87358809a5f213d7f,26.247
112896.000,0.375714,2013-04-17 19:13:10,ec4bdd64306e7ee87358809a5f21634c,0.452
952576.000,42.4845,2013-04-17 19:12:49,ec4bdd64306e7ee87358809a5f21691d,40.855
521284.000,15.5461,2013-04-17 19:09:57,ec4bdd64306e7ee87358809a5f2171ad,14.679
368449.000,8.38673,2013-04-17 19:08:52,ec4bdd64306e7ee87358809a5f2179e8,7.816
43264.000,0.0340898,2013-04-17 19:00:27,ec4bdd64306e7ee87358809a5f219352,0.079
915849.000,40.4489,2013-04-17 19:00:23,ec4bdd64306e7ee87358809a5f219dc3,26.246
342225.000,7.53361,2013-04-17 18:51:12,ec4bdd64306e7ee87358809a5f21ac75,5.995
853776.000,35.9919,2013-04-17 18:48:38,ec4bdd64306e7ee87358809a5f21b904,29.825
824464.000,33.6566,2013-04-17 18:46:01,ec4bdd64306e7ee87358809a5f21cf10,23.558
988036.000,46.4233,2013-04-17 18:43:42,ec4bdd64306e7ee87358809a5f21d1d8,31.512
303601.000,6.00733,2013-04-17 18:30:54,ec4bdd64306e7ee87358809a5f220afa,5.704
573049.000,18.2955,2013-04-17 18:28:28,ec4bdd64306e7ee87358809a5f222200,16.225
91204.000,0.156037,2013-04-17 18:27:12,ec4bdd64306e7ee87358809a5f222733,0.375
982081.000,46.1037,2013-04-17 18:20:14,ec4bdd64306e7ee87358809a5f22647c,39.891
147456.000,0.986206,2013-04-17 18:13:50,ec4bdd64306e7ee87358809a5f227677,2.066
933156.000,42.1901,2013-04-17 18:06:24,ec4bdd64306e7ee87358809a5f228abb,31.555
725904.000,27.0013,2013-04-17 18:00:19,ec4bdd64306e7ee87358809a5f22a135,11.751
1046529.000,47.479,2013-04-17 17:54:01,ec4bdd64306e7ee87358809a5f22aebc,68.093
746496.000,26.2898,2013-04-17 17:44:15,ec4bdd64306e7ee87358809a5f22eb6a,13.505
992016.000,44.5891,2013-04-17 17:38:21,ec4bdd64306e7ee87358809a5f230e5b,32.786
762129.000,29.2841,2013-04-17 17:28:31,ec4bdd64306e7ee87358809a5f234b20,21.610
1006009.000,45.8112,2013-04-17 17:24:34,ec4bdd64306e7ee87358809a5f2355e3,35.702
196.000,9.72223e-05,2013-04-17 17:02:43,ec4bdd64306e7ee87358809a5f237d9e,0.008
38025.000,0.0280861,2013-04-17 16:58:37,ec4bdd64306e7ee87358809a5f239d7f,0.083
912025.000,40.7222,2013-04-17 16:57:09,ec4bdd64306e7ee87358809a5f23aae5,21.008
71289.000,0.0791011,2013-04-17 16:46:25,ec4bdd64306e7ee87358809a5f23ca8d,0.306
495616.000,12.9136,2013-04-17 16:14:30,ec4bdd64306e7ee87358809a5f243f52,10.777
950625.000,97.7451,2013-04-17 16:12:20,ec4bdd64306e7ee87358809a5f2455d6,41.647
20449.000,0.00983213,2013-04-17 16:06:25,ec4bdd64306e7ee87358809a5f245956,0.027
346921.000,7.51541,2013-04-17 16:06:17,ec4bdd64306e7ee87358809a5f24620d,4.999
205209.000,2.51765,2013-04-17 16:02:37,ec4bdd64306e7ee87358809a5f249531,2.750
609961.000,19.9443,2013-04-17 15:54:14,ec4bdd64306e7ee87358809a5f24bddd,16.039
36481.000,0.0260103,2013-04-17 15:50:57,ec4bdd64306e7ee87358809a5f24cb3e,0.063
954529.000,101.422,2013-04-17 15:28:17,ec4bdd64306e7ee87358809a5f254ac1,39.759
1225.000,0.00031672,2013-04-17 15:16:36,ec4bdd64306e7ee87358809a5f25607c,0.001
839056.000,34.434,2013-04-17 15:16:22,ec4bdd64306e7ee87358809a5f256c90,23.423
76176.000,0.0898562,2013-04-17 15:06:22,ec4bdd64306e7ee87358809a5f25934b,0.241
51984.000,0.0449044,2013-04-17 15:02:31,ec4bdd64306e7ee87358809a5f25b4c9,0.120
913936.000,40.6101,2013-04-17 15:00:27,ec4bdd64306e7ee87358809a5f25c4a9,23.984
793881.000,31.9257,2013-04-17 14:51:07,ec4bdd64306e7ee87358809a5f25f179,20.447
23716.000,0.0121619,2013-04-17 14:42:46,ec4bdd64306e7ee87358809a5f25fab5,0.037
19321.000,0.0100035,2013-04-17 14:42:30,ec4bdd64306e7ee87358809a5f2608d1,0.015
99225.000,0.240197,2013-04-17 14:38:52,ec4bdd64306e7ee87358809a5f264285,0.379
294849.000,5.72574,2013-04-17 14:38:22,ec4bdd64306e7ee87358809a5f265709,6.366
678976.000,24.1442,2013-04-17 14:36:57,ec4bdd64306e7ee87358809a5f265c6e,20.536
115600.000,0.415543,2013-04-17 14:29:04,ec4bdd64306e7ee87358809a5f267082,0.926
149769.000,1.02801,2013-04-17 14:28:48,ec4bdd64306e7ee87358809a5f2679b0,1.581
656100.000,22.9243,2013-04-17 14:28:22,ec4bdd64306e7ee87358809a5f268de7,18.242
173056.000,1.61584,2013-04-17 14:24:51,ec4bdd64306e7ee87358809a5f269a1f,2.073
14161.000,0.0054749,2013-04-17 14:20:25,ec4bdd64306e7ee87358809a5f26a664,0.005
97969.000,0.209604,2013-04-17 14:17:19,ec4bdd64306e7ee87358809a5f26c22f,0.311
705600.000,26.0695,2013-04-17 14:17:01,ec4bdd64306e7ee87358809a5f26c5b1,21.714
454276.000,12.2463,2013-04-17 14:02:40,ec4bdd64306e7ee87358809a5f270b84,11.972
527076.000,15.5331,2013-04-17 13:54:23,ec4bdd64306e7ee87358809a5f272bb7,13.130
23104.000,0.0113725,2013-04-17 13:39:07,ec4bdd64306e7ee87358809a5f2747a3,0.030
772641.000,27.0497,2013-04-17 13:30:35,ec4bdd64306e7ee87358809a5f27768c,28.983
148996.000,1.01811,2013-04-17 13:26:28,ec4bdd64306e7ee87358809a5f278085,1.780
495616.000,11.9665,2013-04-17 13:22:55,ec4bdd64306e7ee87358809a5f278cfd,10.776
519841.000,14.1893,2013-04-17 13:18:32,ec4bdd64306e7ee87358809a5f279577,14.872
676.000,6.54912e-05,2013-04-17 13:16:23,ec4bdd64306e7ee87358809a5f27a9c9,0.000
474721.000,12.0662,2013-04-17 13:16:11,ec4bdd64306e7ee87358809a5f27c287,8.337
165649.000,1.38521,2013-04-17 13:14:21,ec4bdd64306e7ee87358809a5f27ca3f,1.597
313600.000,6.15703,2013-04-17 13:10:49,ec4bdd64306e7ee87358809a5f27daad,6.052
413449.000,9.57715,2013-04-17 13:10:19,ec4bdd64306e7ee87358809a5f27f350,6.826
28561.000,0.0171166,2013-04-17 13:07:10,ec4bdd64306e7ee87358809a5f2814ab,0.076
470596.000,12.9051,2013-04-17 12:54:26,ec4bdd64306e7ee87358809a5f2851a8,7.482
434281.000,11.2259,2013-04-17 12:42:28,ec4bdd64306e7ee87358809a5f289ebc,10.481
693889.000,24.684,2013-04-17 12:34:22,ec4bdd64306e7ee87358809a5f28ca3d,22.916
491401.000,13.6061,2013-04-17 12:30:44,ec4bdd64306e7ee87358809a5f28d8fc,10.648
10816.000,0.00302858,2013-04-17 12:16:43,ec4bdd64306e7ee87358809a5f29006c,0.007
1600.000,0.000146949,2013-04-17 12:12:40,ec4bdd64306e7ee87358809a5f2938f0,-0.000
746496.000,26.594,2013-04-17 12:08:44,ec4bdd64306e7ee87358809a5f2951b9,13.505
15625.000,0.00583212,2013-04-17 12:04:57,ec4bdd64306e7ee87358809a5f2951fa,0.009
278784.000,5.0928,2013-04-17 11:58:59,ec4bdd64306e7ee87358809a5f296452,5.564
724201.000,26.7228,2013-04-17 11:58:35,ec4bdd64306e7ee87358809a5f296ef2,12.232
815409.000,53.0586,2013-04-17 11:52:42,ec4bdd64306e7ee87358809a5f29786e,21.504
889249.000,35.6694,2013-04-17 11:48:32,ec4bdd64306e7ee87358809a5f297cd6,27.504
628849.000,20.7764,2013-04-17 11:43:51,ec4bdd64306e7ee87358809a5f297f95,14.495
1225.000,0.000235733,2013-04-17 11:32:54,ec4bdd64306e7ee87358809a5f29d0a9,0.001
891136.000,36.3792,2013-04-17 11:16:27,ec4bdd64306e7ee87358809a5f29f10e,26.441
883600.000,36.6562,2013-04-17 11:10:31,ec4bdd64306e7ee87358809a5f29fe0f,25.368
12100.000,0.00359905,2013-04-17 10:48:41,ec4bdd64306e7ee87358809a5f2a4357,0.010
32400.000,0.0198804,2013-04-17 10:48:35,ec4bdd64306e7ee87358809a5f2a4ef8,0.097
992016.000,89.7506,2013-04-17 10:36:20,ec4bdd64306e7ee87358809a5f2a7542,32.786
210681.000,2.73409,2013-04-17 10:30:22,ec4bdd64306e7ee87358809a5f2a7f1f,2.706
38416.000,0.0266914,2013-04-17 10:26:24,ec4bdd64306e7ee87358809a5f2a92ad,0.091
11236.000,0.00338261,2013-04-17 10:15:01,ec4bdd64306e7ee87358809a5f2ac5aa,0.006
219961.000,3.08309,2013-04-17 10:12:11,ec4bdd64306e7ee87358809a5f2ae86f,3.003
42025.000,0.0352461,2013-04-17 10:06:50,ec4bdd64306e7ee87358809a5f2afc89,0.060
893025.000,37.4455,2013-04-17 09:59:07,ec4bdd64306e7ee87358809a5f2b4487,25.107
678976.000,23.295,2013-04-17 09:54:36,ec4bdd64306e7ee87358809a5f2b52f7,20.536
748225.000,26.2092,2013-04-17 09:50:58,ec4bdd64306e7ee87358809a5f2b5ec3,13.550
121.000,6.45804e-05,2013-04-17 09:44:28,ec4bdd64306e7ee87358809a5f2b6d5c,-0.002
429025.000,10.9892,2013-04-17 09:44:24,ec4bdd64306e7ee87358809a5f2b6f20,9.021
88209.000,0.134574,2013-04-17 09:32:21,ec4bdd64306e7ee87358809a5f2b9998,0.368
181476.000,1.76127,2013-04-17 09:31:02,ec4bdd64306e7ee87358809a5f2bbe35,1.652
42849.000,0.0335024,2013-04-17 09:28:12,ec4bdd64306e7ee87358809a5f2bc529,0.066
986049.000,102.637,2013-04-17 09:26:17,ec4bdd64306e7ee87358809a5f2bcfbd,33.258
541696.000,15.3688,2013-04-17 09:19:02,ec4bdd64306e7ee87358809a5f2bd828,13.800
238144.000,3.55696,2013-04-17 09:16:59,ec4bdd64306e7ee87358809a5f2be5f0,2.432
1034289.000,49.9828,2013-04-17 09:16:37,ec4bdd64306e7ee87358809a5f2bf1b9,55.071
900601.000,39.7599,2013-04-17 09:10:13,ec4bdd64306e7ee87358809a5f2c03ec,18.803
29929.000,0.0182133,2013-04-17 09:04:38,ec4bdd64306e7ee87358809a5f2c054f,0.110
218089.000,2.90815,2013-04-17 08:44:35,ec4bdd64306e7ee87358809a5f2c352b,2.342
622521.000,20.0363,2013-04-17 08:40:38,ec4bdd64306e7ee87358809a5f2c5b77,19.781
291600.000,5.50807,2013-04-17 08:28:43,ec4bdd64306e7ee87358809a5f2cb51e,5.184
29241.000,0.0200311,2013-04-17 08:20:55,ec4bdd64306e7ee87358809a5f2ccd3f,0.119
212521.000,2.48011,2013-04-17 08:10:54,ec4bdd64306e7ee87358809a5f2cf19f,2.964
784.000,0.000165169,2013-04-17 07:52:46,ec4bdd64306e7ee87358809a5f2d44de,-0.000
63504.000,0.0657404,2013-04-17 07:48:26,ec4bdd64306e7ee87358809a5f2d64df,0.173
588289.000,18.8571,2013-04-17 07:47:01,ec4bdd64306e7ee87358809a5f2d751c,20.845
40401.000,0.0295707,2013-04-17 07:40:11,ec4bdd64306e7ee87358809a5f2d8269,0.108
935089.000,38.5564,2013-04-17 07:40:08,ec4bdd64306e7ee87358809a5f2d91d8,33.158
662596.000,23.1435,2013-04-17 07:31:06,ec4bdd64306e7ee87358809a5f2daa10,16.133
2704.000,0.000359111,2013-04-17 07:22:55,ec4bdd64306e7ee87358809a5f2dd119,0.004
1156.000,5.37801e-05,2013-04-17 07:22:50,ec4bdd64306e7ee87358809a5f2dd74f,0.001
270400.000,4.89455,2013-04-17 07:22:48,ec4bdd64306e7ee87358809a5f2ddfe3,6.008
591361.000,18.8795,2013-04-17 07:22:23,ec4bdd64306e7ee87358809a5f2dec67,20.914
386884.000,9.23301,2013-04-17 07:00:21,ec4bdd64306e7ee87358809a5f2e5380,4.954
441.000,0.000175931,2013-04-17 06:58:43,ec4bdd64306e7ee87358809a5f2e55ae,-0.005
556516.000,16.7511,2013-04-17 06:48:59,ec4bdd64306e7ee87358809a5f2e8fb5,17.115
434281.000,11.0777,2013-04-17 06:46:45,ec4bdd64306e7ee87358809a5f2e9f40,10.481
400.000,5.01895e-05,2013-04-17 06:44:59,ec4bdd64306e7ee87358809a5f2ea37b,-0.005
225.000,1.26696e-05,2013-04-17 06:43:04,ec4bdd64306e7ee87358809a5f2eb3e9,0.013
781456.000,27.2099,2013-04-17 06:42:17,ec4bdd64306e7ee87358809a5f2ecf97,20.244
114244.000,0.39437,2013-04-17 06:36:47,ec4bdd64306e7ee87358809a5f2ee893,0.655
471969.000,11.2509,2013-04-17 06:34:21,ec4bdd64306e7ee87358809a5f2f2670,7.891
840889.000,27.6999,2013-04-17 06:22:53,ec4bdd64306e7ee87358809a5f2f4063,25.016
112225.000,0.366254,2013-04-17 06:19:00,ec4bdd64306e7ee87358809a5f2f484c,0.431
34225.000,0.783186,2013-04-17 06:13:27,ec4bdd64306e7ee87358809a5f2f72dc,0.075
6724.000,0.0019199,2013-04-17 06:08:34,ec4bdd64306e7ee87358809a5f2f9423,0.020
802816.000,26.9,2013-04-17 05:55:06,ec4bdd64306e7ee87358809a5f2fcb1e,22.366
473344.000,12.7586,2013-04-17 05:52:15,ec4bdd64306e7ee87358809a5f2fcf45,8.297
937024.000,39.0125,2013-04-17 05:30:29,ec4bdd64306e7ee87358809a5f3011b6,35.566
279841.000,5.08628,2013-04-17 05:24:56,ec4bdd64306e7ee87358809a5f301bbb,5.059
123904.000,0.574052,2013-04-17 05:24:33,ec4bdd64306e7ee87358809a5f302583,0.704
6084.000,0.00148508,2013-04-17 05:24:14,ec4bdd64306e7ee87358809a5f302d42,0.004
69696.000,-0.201631,2013-04-17 05:24:10,ec4bdd64306e7ee87358809a5f303ac3,0.263
258064.000,4.29461,2013-04-17 05:22:47,ec4bdd64306e7ee87358809a5f304993,2.921
160000.000,1.23555,2013-04-17 05:18:28,ec4bdd64306e7ee87358809a5f305ec2,1.358
1018081.000,43.8033,2013-04-17 05:01:03,ec4bdd64306e7ee87358809a5f30dd51,32.771
386884.000,9.05985,2013-04-17 04:54:46,ec4bdd64306e7ee87358809a5f30fb61,4.954
465124.000,12.2369,2013-04-17 04:48:44,ec4bdd64306e7ee87358809a5f3111a4,7.685
1030225.000,42.0073,2013-04-17 04:40:12,ec4bdd64306e7ee87358809a5f31552c,52.885
135424.000,0.758868,2013-04-17 04:34:28,ec4bdd64306e7ee87358809a5f3160dd,0.753
17689.000,0.00735464,2013-04-17 04:32:39,ec4bdd64306e7ee87358809a5f31732c,0.022
498436.000,13.6015,2013-04-17 04:28:15,ec4bdd64306e7ee87358809a5f319de5,10.535
16900.000,0.00681379,2013-04-17 04:26:19,ec4bdd64306e7ee87358809a5f31a8b9,0.027
21609.000,0.0108732,2013-04-17 04:20:19,ec4bdd64306e7ee87358809a5f31bb1e,0.019
6084.000,0.00152772,2013-04-17 04:18:44,ec4bdd64306e7ee87358809a5f31d5ff,0.004
172225.000,1.52919,2013-04-17 04:18:39,ec4bdd64306e7ee87358809a5f31dc11,2.078
285156.000,5.29908,2013-04-17 04:18:15,ec4bdd64306e7ee87358809a5f31de5f,2.955
66564.000,0.0700966,2013-04-17 04:16:48,ec4bdd64306e7ee87358809a5f31f00d,0.227
39601.000,0.030038,2013-04-17 04:14:24,ec4bdd64306e7ee87358809a5f322503,0.113
294849.000,5.24867,2013-04-17 04:04:47,ec4bdd64306e7ee87358809a5f325bf6,6.366
643204.000,20.1728,2013-04-17 03:58:16,ec4bdd64306e7ee87358809a5f328e9e,13.777
37636.000,0.0267837,2013-04-17 03:54:56,ec4bdd64306e7ee87358809a5f3294b6,0.075
36481.000,0.0257848,2013-04-17 03:52:48,ec4bdd64306e7ee87358809a5f32bb87,0.063
279841.000,5.04655,2013-04-17 03:46:11,ec4bdd64306e7ee87358809a5f32f8bc,5.059
32041.000,0.0205302,2013-04-17 03:44:44,ec4bdd64306e7ee87358809a5f330906,0.070
760384.000,24.7109,2013-04-17 03:40:43,ec4bdd64306e7ee87358809a5f332d02,20.295
1042441.000,44.4985,2013-04-17 03:26:25,ec4bdd64306e7ee87358809a5f338fb9,63.322
24025.000,0.0125672,2013-04-17 03:20:35,ec4bdd64306e7ee87358809a5f339a7d,0.039
386884.000,8.80695,2013-04-17 03:14:15,ec4bdd64306e7ee87358809a5f33ad46,4.954
929296.000,34.1715,2013-04-17 03:12:38,ec4bdd64306e7ee87358809a5f33b49d,29.487
82369.000,0.112316,2013-04-17 02:58:58,ec4bdd64306e7ee87358809a5f33da24,0.258
90000.000,0.142473,2013-04-17 02:58:52,ec4bdd64306e7ee87358809a5f33e461,0.400
70756.000,0.078401,2013-04-17 02:52:55,ec4bdd64306e7ee87358809a5f34062f,0.292
47961.000,0.0410406,2013-04-17 02:52:52,ec4bdd64306e7ee87358809a5f340724,0.196
121801.000,0.518688,2013-04-17 02:52:16,ec4bdd64306e7ee87358809a5f3425fb,0.727
56644.000,0.054245,2013-04-17 02:50:58,ec4bdd64306e7ee87358809a5f342b4f,0.301
470596.000,11.7307,2013-04-17 02:50:54,ec4bdd64306e7ee87358809a5f3438db,7.482
378225.000,8.6061,2013-04-17 02:46:38,ec4bdd64306e7ee87358809a5f344abd,5.326
863041.000,33.2944,2013-04-17 02:43:02,ec4bdd64306e7ee87358809a5f34564e,30.308
2116.000,-0.239315,2013-04-17 02:38:08,ec4bdd64306e7ee87358809a5f345f92,0.001
26896.000,0.0147305,2013-04-17 02:34:15,ec4bdd64306e7ee87358809a5f34721e,0.056
127449.000,0.626971,2013-04-17 02:28:29,ec4bdd64306e7ee87358809a5f3486bd,1.014
602176.000,17.8336,2013-04-17 02:26:25,ec4bdd64306e7ee87358809a5f349a12,16.436
36100.000,0.0252123,2013-04-17 02:23:03,ec4bdd64306e7ee87358809a5f34ad18,0.059
81.000,0.000335115,2013-04-17 02:06:22,ec4bdd64306e7ee87358809a5f350683,-0.007
4900.000,0.00127131,2013-04-17 02:05:01,ec4bdd64306e7ee87358809a5f350f79,0.003
32041.000,0.0199581,2013-04-17 02:04:57,ec4bdd64306e7ee87358809a5f351141,0.070
207025.000,2.55213,2013-04-17 02:04:54,ec4bdd64306e7ee87358809a5f351355,2.616
199809.000,2.31791,2013-04-17 02:04:41,ec4bdd64306e7ee87358809a5f35150e,2.566
543169.000,15.6719,2013-04-17 02:00:37,ec4bdd64306e7ee87358809a5f353844,14.639
328329.000,6.7785,2013-04-17 01:58:22,ec4bdd64306e7ee87358809a5f3555fd,8.080
857476.000,32.3947,2013-04-17 01:56:08,ec4bdd64306e7ee87358809a5f3557b0,32.031
38809.000,0.030074,2013-04-17 01:50:51,ec4bdd64306e7ee87358809a5f3566f2,0.100
337561.000,7.36763,2013-04-17 01:50:45,ec4bdd64306e7ee87358809a5f356d11,7.356
815409.000,31.2397,2013-04-17 01:44:17,ec4bdd64306e7ee87358809a5f358f9b,21.504
620944.000,19.6563,2013-04-17 01:37:00,ec4bdd64306e7ee87358809a5f35a905,20.671
286225.000,5.28662,2013-04-17 01:32:43,ec4bdd64306e7ee87358809a5f35c212,2.953
86436.000,0.125579,2013-04-17 01:32:18,ec4bdd64306e7ee87358809a5f35c293,0.318
233289.000,3.50586,2013-04-17 01:32:08,ec4bdd64306e7ee87358809a5f35cc51,2.098
36864.000,0.0293842,2013-04-17 01:30:38,ec4bdd64306e7ee87358809a5f35e4d1,0.065
5329.000,0.00122586,2013-04-17 01:22:10,ec4bdd64306e7ee87358809a5f365584,0.003
275625.000,4.58847,2013-04-17 01:16:26,ec4bdd64306e7ee87358809a5f3699ed,6.260
99856.000,0.234073,2013-04-17 01:15:09,ec4bdd64306e7ee87358809a5f36a20d,0.413
573049.000,17.658,2013-04-17 01:14:56,ec4bdd64306e7ee87358809a5f36afba,16.225
585225.000,18.0657,2013-04-17 01:08:11,ec4bdd64306e7ee87358809a5f36be9b,17.530
334084.000,7.23364,2013-04-17 01:00:09,ec4bdd64306e7ee87358809a5f36ce7a,7.696
6561.000,0.00160198,2013-04-17 00:54:10,ec4bdd64306e7ee87358809a5f36f4c3,0.011
57600.000,2.51244,2013-04-17 00:53:48,ec4bdd64306e7ee87358809a5f36f9fa,0.403
968256.000,39.2574,2013-04-17 00:53:04,ec4bdd64306e7ee87358809a5f370192,33.480
602176.000,18.2856,2013-04-17 00:48:26,ec4bdd64306e7ee87358809a5f371b9f,16.437
352836.000,7.77253,2013-04-17 00:42:23,ec4bdd64306e7ee87358809a5f374e6d,5.884
2809.000,0.00069735,2013-04-17 00:34:40,ec4bdd64306e7ee87358809a5f3767af,0.004
646416.000,21.1437,2013-04-17 00:26:46,ec4bdd64306e7ee87358809a5f37a2e8,13.818
126736.000,0.592711,2013-04-17 00:20:50,ec4bdd64306e7ee87358809a5f37b365,1.013
196249.000,2.05236,2013-04-17 00:20:25,ec4bdd64306e7ee87358809a5f37c8d3,1.731
38809.000,0.0291932,2013-04-17 00:14:47,ec4bdd64306e7ee87358809a5f37f4c5,0.100
599076.000,18.0493,2013-04-17 00:08:35,ec4bdd64306e7ee87358809a5f37ffa6,16.220
55225.000,0.0526169,2013-04-17 00:04:52,ec4bdd64306e7ee87358809a5f380fd0,0.189
4900.000,0.000923913,2013-04-16 23:58:34,ec4bdd64306e7ee87358809a5f3822ed,0.003
305809.000,5.81246,2013-04-16 23:58:29,ec4bdd64306e7ee87358809a5f382f4e,5.180
104976.000,0.267064,2013-04-16 23:57:01,ec4bdd64306e7ee87358809a5f383bc6,0.665
403225.000,9.57735,2013-04-16 23:52:06,ec4bdd64306e7ee87358809a5f3859a4,7.995
900.000,-0.000524192,2013-04-16 23:50:27,ec4bdd64306e7ee87358809a5f385af2,-0.001
104976.000,0.265472,2013-04-16 23:48:19,ec4bdd64306e7ee87358809a5f385f3e,0.665
156025.000,1.15693,2013-04-16 23:46:51,ec4bdd64306e7ee87358809a5f38679f,1.270
212521.000,2.83332,2013-04-16 23:32:14,ec4bdd64306e7ee87358809a5f389582,2.964
42025.000,0.0341992,2013-04-16 23:30:40,ec4bdd64306e7ee87358809a5f38aff9,0.060
708964.000,23.8197,2013-04-16 23:30:36,ec4bdd64306e7ee87358809a5f38b6a9,20.991
23104.000,0.0111736,2013-04-16 23:24:23,ec4bdd64306e7ee87358809a5f391547,0.030
841.000,0.000155969,2013-04-16 23:24:20,ec4bdd64306e7ee87358809a5f3919ae,-0.001
592900.000,15.309,2013-04-16 23:18:23,ec4bdd64306e7ee87358809a5f393e17,20.213
274576.000,4.83855,2013-04-16 23:14:18,ec4bdd64306e7ee87358809a5f394d8f,6.446
529.000,-2.64168e-06,2013-04-16 23:12:58,ec4bdd64306e7ee87358809a5f39580f,0.002
293764.000,5.32844,2013-04-16 23:05:43,ec4bdd64306e7ee87358809a5f39873f,5.967
390625.000,8.49376,2013-04-16 23:05:13,ec4bdd64306e7ee87358809a5f39a0fb,6.033
47524.000,0.0397243,2013-04-16 23:03:52,ec4bdd64306e7ee87358809a5f39b01b,0.196
2209.000,0.000367077,2013-04-16 23:03:48,ec4bdd64306e7ee87358809a5f39b023,0.001
8836.000,0.00241224,2013-04-16 22:59:39,ec4bdd64306e7ee87358809a5f39d652,0.006
617796.000,17.9522,2013-04-16 22:59:34,ec4bdd64306e7ee87358809a5f39d935,20.677
173056.000,1.57864,2013-04-16 22:57:21,ec4bdd64306e7ee87358809a5f39e12b,2.073
95481.000,0.196439,2013-04-16 22:56:51,ec4bdd64306e7ee87358809a5f39e592,0.220
105625.000,0.279118,2013-04-16 22:52:47,ec4bdd64306e7ee87358809a5f3a1419,0.986
416025.000,9.4328,2013-04-16 22:48:59,ec4bdd64306e7ee87358809a5f3a2e0b,8.239
573049.000,15.8485,2013-04-16 22:42:08,ec4bdd64306e7ee87358809a5f3a737f,16.224
87025.000,0.130367,2013-04-16 22:41:02,ec4bdd64306e7ee87358809a5f3a8150,0.340
137641.000,0.801088,2013-04-16 22:40:55,ec4bdd64306e7ee87358809a5f3a8fab,1.119
385641.000,8.45205,2013-04-16 22:40:20,ec4bdd64306e7ee87358809a5f3a9a5d,4.688
133956.000,0.739207,2013-04-16 22:38:00,ec4bdd64306e7ee87358809a5f3ab1f2,1.116
285156.000,5.24681,2013-04-16 22:37:34,ec4bdd64306e7ee87358809a5f3abd69,2.955
857476.000,29.655,2013-04-16 22:31:37,ec4bdd64306e7ee87358809a5f3b189c,32.033
664225.000,19.7832,2013-04-16 22:27:30,ec4bdd64306e7ee87358809a5f3b32a0,15.503
1030225.000,40.0179,2013-04-16 22:17:49,ec4bdd64306e7ee87358809a5f3b6b14,52.885
127449.000,0.623827,2013-04-16 22:12:19,ec4bdd64306e7ee87358809a5f3b80ba,1.014
245025.000,3.12276,2013-04-16 22:07:42,ec4bdd64306e7ee87358809a5f3bc60a,2.843
480249.000,8.84231,2013-04-16 22:07:23,ec4bdd64306e7ee87358809a5f3bd9de,6.623
505521.000,9.67358,2013-04-16 22:05:56,ec4bdd64306e7ee87358809a5f3c0b2c,11.997
547600.000,9.75583,2013-04-16 22:05:00,ec4bdd64306e7ee87358809a5f3c1ea4,16.153
98596.000,0.124055,2013-04-16 21:59:03,ec4bdd64306e7ee87358809a5f3c3474,0.345
864900.000,32.3349,2013-04-16 21:58:57,ec4bdd64306e7ee87358809a5f3c444f,29.679
906304.000,34.4142,2013-04-16 21:56:43,ec4bdd64306e7ee87358809a5f3c4dcb,16.973
67600.000,0.0469697,2013-04-16 21:54:23,ec4bdd64306e7ee87358809a5f3c5952,0.234
339889.000,6.15251,2013-04-16 21:54:16,ec4bdd64306e7ee87358809a5f3c7531,6.757
314721.000,5.33574,2013-04-16 21:53:27,ec4bdd64306e7ee87358809a5f3ca9bc,6.414
165649.000,1.12671,2013-04-16 20:53:46,ec4bdd64306e7ee87358809a5f3ce311,1.598
5476.000,0.000863521,2013-04-16 20:49:36,ec4bdd64306e7ee87358809a5f3d195c,0.003
175561.000,1.36403,2013-04-16 20:49:33,ec4bdd64306e7ee87358809a5f3d1b5b,2.056
1225.000,0.00016046,2013-04-16 20:44:46,ec4bdd64306e7ee87358809a5f3d4f99,0.001
1225.000,0.000261061,2013-04-16 20:43:50,ec4bdd64306e7ee87358809a5f3d71bd,0.001
66049.000,0.0507182,2013-04-16 20:32:24,ec4bdd64306e7ee87358809a5f3dffd7,0.217
306916.000,5.08683,2013-04-16 20:32:05,ec4bdd64306e7ee87358809a5f3e0174,5.286
261121.000,3.49536,2013-04-16 20:30:57,ec4bdd64306e7ee87358809a5f3e0d74,2.258
168921.000,1.20027,2013-04-16 20:27:42,ec4bdd64306e7ee87358809a5f3e43cd,1.914
311364.000,15.1193,2013-04-17 21:23:56,f89061992fa485740f1dc5e4004f3031,5.698
164836.000,4.5674,2013-04-17 21:22:44,f89061992fa485740f1dc5e4004f3df4,1.598
753424.000,22.4919,2013-04-17 21:22:16,f89061992fa485740f1dc5e4004f3f4e,16.124
459684.000,29.4598,2013-04-17 21:11:48,f89061992fa485740f1dc5e4004f6b11,11.345
390625.000,22.4761,2013-04-17 20:56:04,f89061992fa485740f1dc5e4004fbb8a,6.033
272484.000,11.6795,2013-04-17 20:53:59,f89061992fa485740f1dc5e4004fbfc4,6.567
62001.000,0.767266,2013-04-17 20:35:42,f89061992fa485740f1dc5e4004ffee9,0.256
182329.000,5.37522,2013-04-17 20:28:40,f89061992fa485740f1dc5e400501be3,1.873
748225.000,68.452,2013-04-17 19:55:59,f89061992fa485740f1dc5e40050428a,13.549
781456.000,21.8072,2013-04-17 19:51:12,f89061992fa485740f1dc5e400504b73,20.244
4.000,-0.00443549,2013-04-17 19:39:52,f89061992fa485740f1dc5e400506aee,-0.011
170569.000,4.75122,2013-04-17 19:33:49,f89061992fa485740f1dc5e400508bdc,2.076
1046529.000,98.9277,2013-04-17 19:27:11,f89061992fa485740f1dc5e400509cc3,68.093
427716.000,25.6237,2013-04-17 19:16:02,f89061992fa485740f1dc5e40050b7aa,8.879
669124.000,44.5219,2013-04-17 19:04:54,f89061992fa485740f1dc5e40050d563,20.521
443556.000,27.3342,2013-04-17 19:01:56,f89061992fa485740f1dc5e40050dfd0,11.157
81796.000,1.24584,2013-04-17 18:59:51,f89061992fa485740f1dc5e40050ea8c,0.213
992016.000,87.1118,2013-04-17 18:59:36,f89061992fa485740f1dc5e40050f635,32.786
577600.000,43.8811,2013-04-17 18:46:15,f89061992fa485740f1dc5e400511171,13.815
330625.000,16.6051,2013-04-17 18:42:20,f89061992fa485740f1dc5e4005115bd,7.887
923521.000,97.2556,2013-04-17 18:38:13,f89061992fa485740f1dc5e4005135ab,27.731
952576.000,9.47902,2013-04-17 18:31:17,f89061992fa485740f1dc5e400514afc,40.855
354025.000,18.3196,2013-04-17 18:21:44,f89061992fa485740f1dc5e4005161da,6.263
19044.000,0.13668,2013-04-17 18:19:39,f89061992fa485740f1dc5e400516e6a,0.012
421201.000,2.00367,2013-04-17 18:09:57,f89061992fa485740f1dc5e4005185c0,7.311
826281.000,29.9856,2013-04-17 18:05:20,f89061992fa485740f1dc5e40051a021,24.004
976144.000,18.9926,2013-04-17 17:56:00,f89061992fa485740f1dc5e40051c264,35.039
56644.000,0.701071,2013-04-17 17:36:40,f89061992fa485740f1dc5e40051f555,0.301
368449.000,1.63245,2013-04-17 17:13:46,f89061992fa485740f1dc5e400524d7c,7.818
104976.000,1.84994,2013-04-17 17:12:54,f89061992fa485740f1dc5e400525ca4,0.665
265225.000,11.289,2013-04-17 17:12:23,f89061992fa485740f1dc5e400526be2,2.824
573049.000,43.733,2013-04-17 17:09:40,f89061992fa485740f1dc5e400527e97,16.224
573049.000,4.12457,2013-04-17 17:07:01,f89061992fa485740f1dc5e400528415,16.225
29584.000,0.234869,2013-04-17 17:04:59,f89061992fa485740f1dc5e400528e81,0.117
938961.000,99.8087,2013-04-17 16:51:14,f89061992fa485740f1dc5e40052a7e6,38.383
114244.000,2.19694,2013-04-17 16:42:49,f89061992fa485740f1dc5e40052c1ee,0.655
746496.000,63.5881,2013-04-17 16:42:31,f89061992fa485740f1dc5e40052c209,13.505
429025.000,25.7693,2013-04-17 16:38:27,f89061992fa485740f1dc5e40052c613,9.021
494209.000,34.1092,2013-04-17 16:36:30,f89061992fa485740f1dc5e40052c6ba,10.975
235225.000,2.40675,2013-04-17 16:28:27,f89061992fa485740f1dc5e40052fad4,2.090
342225.000,17.4607,2013-04-17 16:24:07,f89061992fa485740f1dc5e400531662,5.995
227529.000,8.71947,2013-04-17 16:10:49,f89061992fa485740f1dc5e400534085,2.907
251001.000,10.2852,2013-04-17 16:09:45,f89061992fa485740f1dc5e400534ff6,3.503
16129.000,0.0371933,2013-04-17 16:07:02,f89061992fa485740f1dc5e400535c38,0.014
174724.000,4.95418,2013-04-17 15:52:49,f89061992fa485740f1dc5e400539e82,2.064
7056.000,0.0109079,2013-04-17 15:52:20,f89061992fa485740f1dc5e40053a55b,0.023
685584.000,14.1906,2013-04-17 15:44:34,f89061992fa485740f1dc5e40053c9b4,17.327
505521.000,34.1125,2013-04-17 15:40:51,f89061992fa485740f1dc5e40053dd65,11.997
622521.000,50.3739,2013-04-17 15:24:04,f89061992fa485740f1dc5e400541ff9,19.778
851929.000,28.3825,2013-04-17 15:20:31,f89061992fa485740f1dc5e400542db7,28.106
46656.000,0.481994,2013-04-17 15:14:12,f89061992fa485740f1dc5e4005435f3,0.206
1681.000,-0.00155671,2013-04-17 15:13:28,f89061992fa485740f1dc5e400543a6a,-0.000
303601.000,13.9711,2013-04-17 15:01:37,f89061992fa485740f1dc5e40054a7db,5.705
1046529.000,109.911,2013-04-17 15:00:19,f89061992fa485740f1dc5e40054b792,68.093
4900.000,0.0100527,2013-04-17 14:48:46,f89061992fa485740f1dc5e40054c59a,0.003
131044.000,2.79236,2013-04-17 14:33:33,f89061992fa485740f1dc5e400552ab1,0.829
23104.000,0.17725,2013-04-17 14:33:08,f89061992fa485740f1dc5e4005534dd,0.030
58081.000,0.732963,2013-04-17 14:10:54,f89061992fa485740f1dc5e400557cdc,0.371
21609.000,0.156529,2013-04-17 13:59:23,f89061992fa485740f1dc5e4005599d8,0.019
427716.000,23.3467,2013-04-17 13:58:00,f89061992fa485740f1dc5e40055ac9f,8.879
64.000,0.148044,2013-04-17 13:51:17,f89061992fa485740f1dc5e40055b0e3,-0.009
933156.000,56.5791,2013-04-17 13:50:37,f89061992fa485740f1dc5e40055b52d,31.550
795664.000,63.8616,2013-04-17 13:43:58,f89061992fa485740f1dc5e40055cd25,19.624
703921.000,6.17518,2013-04-17 13:39:04,f89061992fa485740f1dc5e40055d8dc,21.307
57121.000,0.678865,2013-04-17 13:35:53,f89061992fa485740f1dc5e40055e7d1,0.361
236196.000,1.59106,2013-04-17 13:34:45,f89061992fa485740f1dc5e40055f8c9,2.103
608400.000,46.3163,2013-04-17 13:28:01,f89061992fa485740f1dc5e400561399,16.082
181476.000,0.51853,2013-04-17 13:15:59,f89061992fa485740f1dc5e40056576d,1.652
1521.000,0.0028779,2013-04-17 13:09:39,f89061992fa485740f1dc5e40056830a,-0.000
1038361.000,43.3212,2013-04-17 13:05:44,f89061992fa485740f1dc5e4005692ab,56.893
153664.000,2.14923,2013-04-17 12:59:25,f89061992fa485740f1dc5e400569ce1,1.246
205209.000,6.8869,2013-04-17 12:47:15,f89061992fa485740f1dc5e40056cbef,2.750
933156.000,99.0825,2013-04-17 12:46:07,f89061992fa485740f1dc5e40056d739,31.550
50625.000,0.55077,2013-04-17 12:33:31,f89061992fa485740f1dc5e40056faf1,0.223
187489.000,5.9315,2013-04-17 12:31:58,f89061992fa485740f1dc5e400570bff,2.309
291600.000,13.1106,2013-04-17 12:30:59,f89061992fa485740f1dc5e4005724d2,5.184
549081.000,32.0093,2013-04-17 12:25:52,f89061992fa485740f1dc5e400572e1c,15.149
553536.000,32.913,2013-04-17 12:23:48,f89061992fa485740f1dc5e4005738e4,15.048
755161.000,7.3468,2013-04-17 12:20:10,f89061992fa485740f1dc5e400575ad4,17.145
1020100.000,41.2593,2013-04-17 12:16:11,f89061992fa485740f1dc5e400576b12,34.928
44944.000,0.453961,2013-04-17 12:09:50,f89061992fa485740f1dc5e400577624,0.197
586756.000,43.6677,2013-04-17 12:06:40,f89061992fa485740f1dc5e40057908f,19.305
3481.000,-0.00138512,2013-04-17 12:03:26,f89061992fa485740f1dc5e400579e5f,0.014
850084.000,18.4714,2013-04-17 12:03:12,f89061992fa485740f1dc5e40057a04a,26.649
79524.000,0.701631,2013-04-17 11:34:58,f89061992fa485740f1dc5e40058068a,0.202
51076.000,0.570365,2013-04-17 11:28:19,f89061992fa485740f1dc5e400582d22,0.197
558009.000,41.5287,2013-04-17 10:58:34,f89061992fa485740f1dc5e400588159,16.507
134689.000,3.15933,2013-04-17 10:55:36,f89061992fa485740f1dc5e40058877c,0.930
725904.000,38.0492,2013-04-17 10:55:00,f89061992fa485740f1dc5e400588cad,11.752
80089.000,1.13473,2013-04-17 10:50:36,f89061992fa485740f1dc5e400589dc8,0.183
115600.000,2.1989,2013-04-17 10:49:24,f89061992fa485740f1dc5e40058bbb9,0.926
98596.000,1.6324,2013-04-17 10:46:30,f89061992fa485740f1dc5e40058cf7c,0.345
2601.000,0.0110037,2013-04-17 10:33:08,f89061992fa485740f1dc5e400590b4b,0.004
130321.000,2.8162,2013-04-17 10:32:25,f89061992fa485740f1dc5e400591b3f,0.801
271441.000,11.882,2013-04-17 10:18:47,f89061992fa485740f1dc5e400594931,6.416
182329.000,5.48193,2013-04-17 10:15:10,f89061992fa485740f1dc5e400595ac1,1.873
2500.000,0.00434561,2013-04-17 10:14:37,f89061992fa485740f1dc5e400596817,0.004
289.000,0.013532,2013-04-17 10:12:03,f89061992fa485740f1dc5e4005984c0,0.009
859329.000,20.8219,2013-04-17 10:06:15,f89061992fa485740f1dc5e40059b4d7,32.351
988036.000,54.696,2013-04-17 10:00:32,f89061992fa485740f1dc5e40059c78c,31.511
370881.000,21.0362,2013-04-17 09:54:05,f89061992fa485740f1dc5e40059e16e,5.913
154449.000,0.252914,2013-04-17 09:36:33,f89061992fa485740f1dc5e4005a2537,1.274
369664.000,1.71105,2013-04-17 09:27:13,f89061992fa485740f1dc5e4005a4b0c,6.730
176400.000,4.90148,2013-04-17 09:24:38,f89061992fa485740f1dc5e4005a5ffe,1.988
128164.000,2.80413,2013-04-17 09:19:22,f89061992fa485740f1dc5e4005a85de,0.973
962361.000,48.0005,2013-04-17 09:12:08,f89061992fa485740f1dc5e4005aa00c,38.789
164025.000,4.57044,2013-04-17 09:00:26,f89061992fa485740f1dc5e4005ab8a3,1.605
191844.000,5.97017,2013-04-17 08:59:21,f89061992fa485740f1dc5e4005ac93a,2.950
14161.000,0.0351966,2013-04-17 08:58:32,f89061992fa485740f1dc5e4005ad2d3,0.005
6889.000,0.0104466,2013-04-17 08:58:17,f89061992fa485740f1dc5e4005ad8ba,0.026
776161.000,26.2587,2013-04-17 08:49:58,f89061992fa485740f1dc5e4005b126f,24.233
145924.000,3.47845,2013-04-17 08:45:49,f89061992fa485740f1dc5e4005b1d10,1.813
29584.000,0.0239856,2013-04-17 08:32:18,f89061992fa485740f1dc5e4005b5ec8,0.117
4900.000,0.00103958,2013-04-17 08:32:14,f89061992fa485740f1dc5e4005b6e9f,0.003
233289.000,2.127,2013-04-17 08:32:12,f89061992fa485740f1dc5e4005b723a,2.098
962361.000,27.7661,2013-04-17 08:21:45,f89061992fa485740f1dc5e4005b93e9,38.789
988036.000,33.1461,2013-04-17 08:14:50,f89061992fa485740f1dc5e4005b9e5d,31.512
900601.000,42.29,2013-04-17 08:09:59,f89061992fa485740f1dc5e4005baaeb,18.803
15625.000,0.00507148,2013-04-17 08:04:10,f89061992fa485740f1dc5e4005bb09d,0.009
20736.000,0.146273,2013-04-17 08:02:33,f89061992fa485740f1dc5e4005bc387,0.025
98596.000,1.73364,2013-04-17 08:01:56,f89061992fa485740f1dc5e4005bd586,0.345
537289.000,39.4787,2013-04-17 07:59:23,f89061992fa485740f1dc5e4005be31a,10.900
299209.000,13.9325,2013-04-17 07:55:06,f89061992fa485740f1dc5e4005c00c6,6.276
16900.000,0.0986549,2013-04-17 07:53:33,f89061992fa485740f1dc5e4005c102d,0.027
187489.000,5.69027,2013-04-17 07:52:09,f89061992fa485740f1dc5e4005c247f,2.309
178084.000,5.28154,2013-04-17 07:49:38,f89061992fa485740f1dc5e4005c2f9c,1.728
40000.000,0.378881,2013-04-17 07:27:09,f89061992fa485740f1dc5e4005c9022,0.116
535824.000,4.32599,2013-04-17 07:26:04,f89061992fa485740f1dc5e4005c9e8f,10.365
842724.000,31.3678,2013-04-17 07:23:02,f89061992fa485740f1dc5e4005cb086,26.109
83521.000,1.26777,2013-04-17 07:18:37,f89061992fa485740f1dc5e4005cb752,0.272
182329.000,4.8155,2013-04-17 07:17:22,f89061992fa485740f1dc5e4005cc6b0,1.873
919681.000,48.3332,2013-04-17 07:14:35,f89061992fa485740f1dc5e4005cd11d,27.465
112225.000,2.10589,2013-04-17 07:03:42,f89061992fa485740f1dc5e4005cf8a1,0.431
212521.000,15.2221,2013-04-17 06:54:47,f89061992fa485740f1dc5e4005d20e9,2.964
196249.000,1.10079,2013-04-17 06:52:01,f89061992fa485740f1dc5e4005d30f5,1.731
727609.000,15.3288,2013-04-17 06:46:26,f89061992fa485740f1dc5e4005d568e,11.000
870489.000,39.5147,2013-04-17 06:37:54,f89061992fa485740f1dc5e4005d8016,27.695
1040400.000,49.5448,2013-04-17 06:31:39,f89061992fa485740f1dc5e4005d917b,60.084
760384.000,25.949,2013-04-17 06:25:35,f89061992fa485740f1dc5e4005dab11,20.295
319225.000,15.295,2013-04-17 06:17:44,f89061992fa485740f1dc5e4005dc92f,8.619
80089.000,1.26684,2013-04-17 06:15:43,f89061992fa485740f1dc5e4005de157,0.183
134689.000,0.76396,2013-04-17 06:11:04,f89061992fa485740f1dc5e4005df054,0.930
817216.000,28.891,2013-04-17 06:09:48,f89061992fa485740f1dc5e4005dffb9,21.026
111556.000,0.208806,2013-04-17 06:02:04,f89061992fa485740f1dc5e4005e2e33,0.440
541696.000,3.23036,2013-04-17 06:01:19,f89061992fa485740f1dc5e4005e3c15,13.800
163216.000,4.53769,2013-04-17 05:59:16,f89061992fa485740f1dc5e4005e3f28,1.600
256036.000,10.5978,2013-04-17 05:54:04,f89061992fa485740f1dc5e4005e529f,3.927
6084.000,-0.000806475,2013-04-17 05:53:12,f89061992fa485740f1dc5e4005e5aea,0.004
237169.000,0.930304,2013-04-17 05:50:02,f89061992fa485740f1dc5e4005e6832,2.153
